file,line,type,commit,author,date,time,timezone,datetime,depth,length
style.css,1,css,61a49520,Brian Can,2025-04-10,23:23:23,-07:00,2025-04-10T23:23:23-07:00,0,6
style.css,2,css,61a49520,Brian Can,2025-04-10,23:23:23,-07:00,2025-04-10T23:23:23-07:00,0,23
style.css,3,css,61a49520,Brian Can,2025-04-10,23:23:23,-07:00,2025-04-10T23:23:23-07:00,0,0
style.css,4,css,61a49520,Brian Can,2025-04-10,23:23:23,-07:00,2025-04-10T23:23:23-07:00,0,0
style.css,5,css,d4b8450d,Brian Can,2025-04-18,17:32:32,-07:00,2025-04-18T17:32:32-07:00,0,5
style.css,6,css,d4b8450d,Brian Can,2025-04-18,17:32:32,-07:00,2025-04-18T17:32:32-07:00,0,24
style.css,7,css,d4b8450d,Brian Can,2025-04-18,17:32:32,-07:00,2025-04-18T17:32:32-07:00,0,0
style.css,8,css,d4b8450d,Brian Can,2025-04-18,17:32:32,-07:00,2025-04-18T17:32:32-07:00,0,0
style.css,9,css,e95f2a0d,bcan13,2025-04-03,18:54:06,-07:00,2025-04-03T18:54:06-07:00,0,5
style.css,10,css,01d79daa,bcan13,2025-04-11,23:30:51,-07:00,2025-04-11T23:30:51-07:00,0,24
style.css,11,css,01d79daa,bcan13,2025-04-11,23:30:51,-07:00,2025-04-11T23:30:51-07:00,0,16
style.css,12,css,01d79daa,bcan13,2025-04-11,23:30:51,-07:00,2025-04-11T23:30:51-07:00,0,14
style.css,13,css,01d79daa,bcan13,2025-04-11,23:30:51,-07:00,2025-04-11T23:30:51-07:00,0,43
style.css,14,css,01d79daa,bcan13,2025-04-11,23:30:51,-07:00,2025-04-11T23:30:51-07:00,0,0
style.css,15,css,61a49520,Brian Can,2025-04-10,23:23:23,-07:00,2025-04-10T23:23:23-07:00,0,0
style.css,16,css,61a49520,Brian Can,2025-04-10,23:23:23,-07:00,2025-04-10T23:23:23-07:00,0,7
style.css,17,css,61a49520,Brian Can,2025-04-10,23:23:23,-07:00,2025-04-10T23:23:23-07:00,0,17
style.css,18,css,61a49520,Brian Can,2025-04-10,23:23:23,-07:00,2025-04-10T23:23:23-07:00,0,0
style.css,19,css,61a49520,Brian Can,2025-04-10,23:23:23,-07:00,2025-04-10T23:23:23-07:00,0,0
style.css,20,css,61a49520,Brian Can,2025-04-10,23:23:23,-07:00,2025-04-10T23:23:23-07:00,0,4
style.css,21,css,d4b8450d,Brian Can,2025-04-18,17:32:32,-07:00,2025-04-18T17:32:32-07:00,0,40
style.css,22,css,61a49520,Brian Can,2025-04-10,23:23:23,-07:00,2025-04-10T23:23:23-07:00,0,13
style.css,23,css,d4b8450d,Brian Can,2025-04-18,17:32:32,-07:00,2025-04-18T17:32:32-07:00,0,20
style.css,24,css,d4b8450d,Brian Can,2025-04-18,17:32:32,-07:00,2025-04-18T17:32:32-07:00,0,17
style.css,25,css,d4b8450d,Brian Can,2025-04-18,17:32:32,-07:00,2025-04-18T17:32:32-07:00,0,26
style.css,26,css,d4b8450d,Brian Can,2025-04-18,17:32:32,-07:00,2025-04-18T17:32:32-07:00,0,40
style.css,27,css,61a49520,Brian Can,2025-04-10,23:23:23,-07:00,2025-04-10T23:23:23-07:00,0,0
style.css,28,css,61a49520,Brian Can,2025-04-10,23:23:23,-07:00,2025-04-10T23:23:23-07:00,0,0
style.css,29,css,61a49520,Brian Can,2025-04-10,23:23:23,-07:00,2025-04-10T23:23:23-07:00,0,6
style.css,30,css,61a49520,Brian Can,2025-04-10,23:23:23,-07:00,2025-04-10T23:23:23-07:00,0,7
style.css,31,css,61a49520,Brian Can,2025-04-10,23:23:23,-07:00,2025-04-10T23:23:23-07:00,0,21
style.css,32,css,61a49520,Brian Can,2025-04-10,23:23:23,-07:00,2025-04-10T23:23:23-07:00,0,14
style.css,33,css,61a49520,Brian Can,2025-04-10,23:23:23,-07:00,2025-04-10T23:23:23-07:00,0,18
style.css,34,css,61a49520,Brian Can,2025-04-10,23:23:23,-07:00,2025-04-10T23:23:23-07:00,0,14
style.css,35,css,61a49520,Brian Can,2025-04-10,23:23:23,-07:00,2025-04-10T23:23:23-07:00,0,0
style.css,36,css,61a49520,Brian Can,2025-04-10,23:23:23,-07:00,2025-04-10T23:23:23-07:00,0,0
style.css,37,css,61a49520,Brian Can,2025-04-10,23:23:23,-07:00,2025-04-10T23:23:23-07:00,0,12
style.css,38,css,61a49520,Brian Can,2025-04-10,23:23:23,-07:00,2025-04-10T23:23:23-07:00,0,21
style.css,39,css,d4b8450d,Brian Can,2025-04-18,17:32:32,-07:00,2025-04-18T17:32:32-07:00,0,70
style.css,40,css,61a49520,Brian Can,2025-04-10,23:23:23,-07:00,2025-04-10T23:23:23-07:00,0,47
style.css,41,css,61a49520,Brian Can,2025-04-10,23:23:23,-07:00,2025-04-10T23:23:23-07:00,0,0
style.css,42,css,01d79daa,bcan13,2025-04-11,23:30:51,-07:00,2025-04-11T23:30:51-07:00,0,0
style.css,43,css,61a49520,Brian Can,2025-04-10,23:23:23,-07:00,2025-04-10T23:23:23-07:00,0,9
style.css,44,css,01d79daa,bcan13,2025-04-11,23:30:51,-07:00,2025-04-11T23:30:51-07:00,0,44
style.css,45,css,61a49520,Brian Can,2025-04-10,23:23:23,-07:00,2025-04-10T23:23:23-07:00,0,21
style.css,46,css,61a49520,Brian Can,2025-04-10,23:23:23,-07:00,2025-04-10T23:23:23-07:00,0,0
style.css,47,css,61a49520,Brian Can,2025-04-10,23:23:23,-07:00,2025-04-10T23:23:23-07:00,0,0
style.css,48,css,61a49520,Brian Can,2025-04-10,23:23:23,-07:00,2025-04-10T23:23:23-07:00,0,5
style.css,49,css,61a49520,Brian Can,2025-04-10,23:23:23,-07:00,2025-04-10T23:23:23-07:00,0,13
style.css,50,css,61a49520,Brian Can,2025-04-10,23:23:23,-07:00,2025-04-10T23:23:23-07:00,0,31
style.css,51,css,61a49520,Brian Can,2025-04-10,23:23:23,-07:00,2025-04-10T23:23:23-07:00,0,0
style.css,52,css,61a49520,Brian Can,2025-04-10,23:23:23,-07:00,2025-04-10T23:23:23-07:00,0,0
style.css,53,css,61a49520,Brian Can,2025-04-10,23:23:23,-07:00,2025-04-10T23:23:23-07:00,0,6
style.css,54,css,61a49520,Brian Can,2025-04-10,23:23:23,-07:00,2025-04-10T23:23:23-07:00,0,13
style.css,55,css,61a49520,Brian Can,2025-04-10,23:23:23,-07:00,2025-04-10T23:23:23-07:00,0,0
style.css,56,css,61a49520,Brian Can,2025-04-10,23:23:23,-07:00,2025-04-10T23:23:23-07:00,0,0
style.css,57,css,61a49520,Brian Can,2025-04-10,23:23:23,-07:00,2025-04-10T23:23:23-07:00,0,9
style.css,58,css,61a49520,Brian Can,2025-04-10,23:23:23,-07:00,2025-04-10T23:23:23-07:00,0,13
style.css,59,css,61a49520,Brian Can,2025-04-10,23:23:23,-07:00,2025-04-10T23:23:23-07:00,0,0
style.css,60,css,61a49520,Brian Can,2025-04-10,23:23:23,-07:00,2025-04-10T23:23:23-07:00,0,0
style.css,61,css,61a49520,Brian Can,2025-04-10,23:23:23,-07:00,2025-04-10T23:23:23-07:00,0,6
style.css,62,css,61a49520,Brian Can,2025-04-10,23:23:23,-07:00,2025-04-10T23:23:23-07:00,0,13
style.css,63,css,61a49520,Brian Can,2025-04-10,23:23:23,-07:00,2025-04-10T23:23:23-07:00,0,30
style.css,64,css,61a49520,Brian Can,2025-04-10,23:23:23,-07:00,2025-04-10T23:23:23-07:00,0,13
style.css,65,css,61a49520,Brian Can,2025-04-10,23:23:23,-07:00,2025-04-10T23:23:23-07:00,0,19
style.css,66,css,61a49520,Brian Can,2025-04-10,23:23:23,-07:00,2025-04-10T23:23:23-07:00,0,8
style.css,67,css,61a49520,Brian Can,2025-04-10,23:23:23,-07:00,2025-04-10T23:23:23-07:00,0,18
style.css,68,css,61a49520,Brian Can,2025-04-10,23:23:23,-07:00,2025-04-10T23:23:23-07:00,0,0
style.css,69,css,61a49520,Brian Can,2025-04-10,23:23:23,-07:00,2025-04-10T23:23:23-07:00,0,0
style.css,70,css,61a49520,Brian Can,2025-04-10,23:23:23,-07:00,2025-04-10T23:23:23-07:00,0,7
style.css,71,css,61a49520,Brian Can,2025-04-10,23:23:23,-07:00,2025-04-10T23:23:23-07:00,0,13
style.css,72,css,61a49520,Brian Can,2025-04-10,23:23:23,-07:00,2025-04-10T23:23:23-07:00,0,19
style.css,73,css,61a49520,Brian Can,2025-04-10,23:23:23,-07:00,2025-04-10T23:23:23-07:00,0,8
style.css,74,css,61a49520,Brian Can,2025-04-10,23:23:23,-07:00,2025-04-10T23:23:23-07:00,0,0
style.css,75,css,61a49520,Brian Can,2025-04-10,23:23:23,-07:00,2025-04-10T23:23:23-07:00,0,0
style.css,76,css,61a49520,Brian Can,2025-04-10,23:23:23,-07:00,2025-04-10T23:23:23-07:00,0,9
style.css,77,css,61a49520,Brian Can,2025-04-10,23:23:23,-07:00,2025-04-10T23:23:23-07:00,0,13
style.css,78,css,61a49520,Brian Can,2025-04-10,23:23:23,-07:00,2025-04-10T23:23:23-07:00,0,58
style.css,79,css,61a49520,Brian Can,2025-04-10,23:23:23,-07:00,2025-04-10T23:23:23-07:00,0,8
style.css,80,css,61a49520,Brian Can,2025-04-10,23:23:23,-07:00,2025-04-10T23:23:23-07:00,0,0
style.css,81,css,61a49520,Brian Can,2025-04-10,23:23:23,-07:00,2025-04-10T23:23:23-07:00,0,0
style.css,82,css,61a49520,Brian Can,2025-04-10,23:23:23,-07:00,2025-04-10T23:23:23-07:00,0,18
style.css,83,css,61a49520,Brian Can,2025-04-10,23:23:23,-07:00,2025-04-10T23:23:23-07:00,0,13
style.css,84,css,61a49520,Brian Can,2025-04-10,23:23:23,-07:00,2025-04-10T23:23:23-07:00,0,27
style.css,85,css,61a49520,Brian Can,2025-04-10,23:23:23,-07:00,2025-04-10T23:23:23-07:00,0,16
style.css,86,css,61a49520,Brian Can,2025-04-10,23:23:23,-07:00,2025-04-10T23:23:23-07:00,0,8
style.css,87,css,61a49520,Brian Can,2025-04-10,23:23:23,-07:00,2025-04-10T23:23:23-07:00,0,0
style.css,88,css,61a49520,Brian Can,2025-04-10,23:23:23,-07:00,2025-04-10T23:23:23-07:00,0,0
style.css,89,css,61a49520,Brian Can,2025-04-10,23:23:23,-07:00,2025-04-10T23:23:23-07:00,0,3
style.css,90,css,61a49520,Brian Can,2025-04-10,23:23:23,-07:00,2025-04-10T23:23:23-07:00,0,9
style.css,91,css,61a49520,Brian Can,2025-04-10,23:23:23,-07:00,2025-04-10T23:23:23-07:00,0,0
style.css,92,css,61a49520,Brian Can,2025-04-10,23:23:23,-07:00,2025-04-10T23:23:23-07:00,0,0
style.css,93,css,61a49520,Brian Can,2025-04-10,23:23:23,-07:00,2025-04-10T23:23:23-07:00,0,3
style.css,94,css,61a49520,Brian Can,2025-04-10,23:23:23,-07:00,2025-04-10T23:23:23-07:00,0,15
style.css,95,css,61a49520,Brian Can,2025-04-10,23:23:23,-07:00,2025-04-10T23:23:23-07:00,0,0
style.css,96,css,61a49520,Brian Can,2025-04-10,23:23:23,-07:00,2025-04-10T23:23:23-07:00,0,0
style.css,97,css,61a49520,Brian Can,2025-04-10,23:23:23,-07:00,2025-04-10T23:23:23-07:00,0,23
style.css,98,css,61a49520,Brian Can,2025-04-10,23:23:23,-07:00,2025-04-10T23:23:23-07:00,0,16
style.css,99,css,61a49520,Brian Can,2025-04-10,23:23:23,-07:00,2025-04-10T23:23:23-07:00,0,18
style.css,100,css,61a49520,Brian Can,2025-04-10,23:23:23,-07:00,2025-04-10T23:23:23-07:00,0,0
style.css,101,css,01d79daa,bcan13,2025-04-11,23:30:51,-07:00,2025-04-11T23:30:51-07:00,0,0
style.css,102,css,01d79daa,bcan13,2025-04-11,23:30:51,-07:00,2025-04-11T23:30:51-07:00,0,7
style.css,103,css,01d79daa,bcan13,2025-04-11,23:30:51,-07:00,2025-04-11T23:30:51-07:00,0,18
style.css,104,css,01d79daa,bcan13,2025-04-11,23:30:51,-07:00,2025-04-11T23:30:51-07:00,0,20
style.css,105,css,01d79daa,bcan13,2025-04-11,23:30:51,-07:00,2025-04-11T23:30:51-07:00,0,0
style.css,106,css,01d79daa,bcan13,2025-04-11,23:30:51,-07:00,2025-04-11T23:30:51-07:00,0,0
style.css,107,css,01d79daa,bcan13,2025-04-11,23:30:51,-07:00,2025-04-11T23:30:51-07:00,0,10
style.css,108,css,01d79daa,bcan13,2025-04-11,23:30:51,-07:00,2025-04-11T23:30:51-07:00,0,17
style.css,109,css,01d79daa,bcan13,2025-04-11,23:30:51,-07:00,2025-04-11T23:30:51-07:00,0,20
style.css,110,css,01d79daa,bcan13,2025-04-11,23:30:51,-07:00,2025-04-11T23:30:51-07:00,0,0
style.css,111,css,01d79daa,bcan13,2025-04-11,23:30:51,-07:00,2025-04-11T23:30:51-07:00,0,0
style.css,112,css,01d79daa,bcan13,2025-04-11,23:30:51,-07:00,2025-04-11T23:30:51-07:00,0,9
style.css,113,css,01d79daa,bcan13,2025-04-11,23:30:51,-07:00,2025-04-11T23:30:51-07:00,0,15
style.css,114,css,01d79daa,bcan13,2025-04-11,23:30:51,-07:00,2025-04-11T23:30:51-07:00,0,0
style.css,115,css,01d79daa,bcan13,2025-04-11,23:30:51,-07:00,2025-04-11T23:30:51-07:00,0,0
style.css,116,css,01d79daa,bcan13,2025-04-11,23:30:51,-07:00,2025-04-11T23:30:51-07:00,0,9
style.css,117,css,01d79daa,bcan13,2025-04-11,23:30:51,-07:00,2025-04-11T23:30:51-07:00,0,21
style.css,118,css,01d79daa,bcan13,2025-04-11,23:30:51,-07:00,2025-04-11T23:30:51-07:00,0,0
style.css,119,css,01d79daa,bcan13,2025-04-11,23:30:51,-07:00,2025-04-11T23:30:51-07:00,0,0
style.css,120,css,01d79daa,bcan13,2025-04-11,23:30:51,-07:00,2025-04-11T23:30:51-07:00,0,15
style.css,121,css,01d79daa,bcan13,2025-04-11,23:30:51,-07:00,2025-04-11T23:30:51-07:00,0,26
style.css,122,css,01d79daa,bcan13,2025-04-11,23:30:51,-07:00,2025-04-11T23:30:51-07:00,0,0
style.css,123,css,01d79daa,bcan13,2025-04-11,23:30:51,-07:00,2025-04-11T23:30:51-07:00,0,0
style.css,124,css,01d79daa,bcan13,2025-04-11,23:30:51,-07:00,2025-04-11T23:30:51-07:00,0,5
style.css,125,css,01d79daa,bcan13,2025-04-11,23:30:51,-07:00,2025-04-11T23:30:51-07:00,0,14
style.css,126,css,01d79daa,bcan13,2025-04-11,23:30:51,-07:00,2025-04-11T23:30:51-07:00,0,16
style.css,127,css,01d79daa,bcan13,2025-04-11,23:30:51,-07:00,2025-04-11T23:30:51-07:00,0,0
style.css,128,css,01d79daa,bcan13,2025-04-11,23:30:51,-07:00,2025-04-11T23:30:51-07:00,0,0
style.css,129,css,01d79daa,bcan13,2025-04-11,23:30:51,-07:00,2025-04-11T23:30:51-07:00,0,8
style.css,130,css,01d79daa,bcan13,2025-04-11,23:30:51,-07:00,2025-04-11T23:30:51-07:00,0,18
style.css,131,css,01d79daa,bcan13,2025-04-11,23:30:51,-07:00,2025-04-11T23:30:51-07:00,0,19
style.css,132,css,01d79daa,bcan13,2025-04-11,23:30:51,-07:00,2025-04-11T23:30:51-07:00,0,29
style.css,133,css,01d79daa,bcan13,2025-04-11,23:30:51,-07:00,2025-04-11T23:30:51-07:00,0,0
style.css,134,css,01d79daa,bcan13,2025-04-11,23:30:51,-07:00,2025-04-11T23:30:51-07:00,0,0
style.css,135,css,01d79daa,bcan13,2025-04-11,23:30:51,-07:00,2025-04-11T23:30:51-07:00,0,11
style.css,136,css,01d79daa,bcan13,2025-04-11,23:30:51,-07:00,2025-04-11T23:30:51-07:00,0,17
style.css,137,css,01d79daa,bcan13,2025-04-11,23:30:51,-07:00,2025-04-11T23:30:51-07:00,0,20
style.css,138,css,01d79daa,bcan13,2025-04-11,23:30:51,-07:00,2025-04-11T23:30:51-07:00,0,0
style.css,139,css,01d79daa,bcan13,2025-04-11,23:30:51,-07:00,2025-04-11T23:30:51-07:00,0,0
style.css,140,css,01d79daa,bcan13,2025-04-11,23:30:51,-07:00,2025-04-11T23:30:51-07:00,0,11
style.css,141,css,01d79daa,bcan13,2025-04-11,23:30:51,-07:00,2025-04-11T23:30:51-07:00,0,17
style.css,142,css,01d79daa,bcan13,2025-04-11,23:30:51,-07:00,2025-04-11T23:30:51-07:00,0,20
style.css,143,css,01d79daa,bcan13,2025-04-11,23:30:51,-07:00,2025-04-11T23:30:51-07:00,0,0
style.css,144,css,01d79daa,bcan13,2025-04-11,23:30:51,-07:00,2025-04-11T23:30:51-07:00,0,0
style.css,145,css,01d79daa,bcan13,2025-04-11,23:30:51,-07:00,2025-04-11T23:30:51-07:00,0,10
style.css,146,css,01d79daa,bcan13,2025-04-11,23:30:51,-07:00,2025-04-11T23:30:51-07:00,0,15
style.css,147,css,01d79daa,bcan13,2025-04-11,23:30:51,-07:00,2025-04-11T23:30:51-07:00,0,15
style.css,148,css,01d79daa,bcan13,2025-04-11,23:30:51,-07:00,2025-04-11T23:30:51-07:00,0,0
style.css,149,css,01d79daa,bcan13,2025-04-11,23:30:51,-07:00,2025-04-11T23:30:51-07:00,0,0
style.css,150,css,01d79daa,bcan13,2025-04-11,23:30:51,-07:00,2025-04-11T23:30:51-07:00,0,11
style.css,151,css,01d79daa,bcan13,2025-04-11,23:30:51,-07:00,2025-04-11T23:30:51-07:00,0,23
style.css,152,css,01d79daa,bcan13,2025-04-11,23:30:51,-07:00,2025-04-11T23:30:51-07:00,0,21
style.css,153,css,01d79daa,bcan13,2025-04-11,23:30:51,-07:00,2025-04-11T23:30:51-07:00,0,0
style.css,154,css,01d79daa,bcan13,2025-04-11,23:30:51,-07:00,2025-04-11T23:30:51-07:00,0,0
style.css,155,css,01d79daa,bcan13,2025-04-11,23:30:51,-07:00,2025-04-11T23:30:51-07:00,0,14
style.css,156,css,01d79daa,bcan13,2025-04-11,23:30:51,-07:00,2025-04-11T23:30:51-07:00,0,20
style.css,157,css,01d79daa,bcan13,2025-04-11,23:30:51,-07:00,2025-04-11T23:30:51-07:00,0,0
style.css,158,css,01d79daa,bcan13,2025-04-11,23:30:51,-07:00,2025-04-11T23:30:51-07:00,0,0
style.css,159,css,01d79daa,bcan13,2025-04-11,23:30:51,-07:00,2025-04-11T23:30:51-07:00,0,11
style.css,160,css,01d79daa,bcan13,2025-04-11,23:30:51,-07:00,2025-04-11T23:30:51-07:00,0,21
style.css,161,css,01d79daa,bcan13,2025-04-11,23:30:51,-07:00,2025-04-11T23:30:51-07:00,0,10
style.css,162,css,01d79daa,bcan13,2025-04-11,23:30:51,-07:00,2025-04-11T23:30:51-07:00,0,0
style.css,163,css,01d79daa,bcan13,2025-04-11,23:30:51,-07:00,2025-04-11T23:30:51-07:00,0,0
style.css,164,css,01d79daa,bcan13,2025-04-11,23:30:51,-07:00,2025-04-11T23:30:51-07:00,0,14
style.css,165,css,01d79daa,bcan13,2025-04-11,23:30:51,-07:00,2025-04-11T23:30:51-07:00,0,20
style.css,166,css,01d79daa,bcan13,2025-04-11,23:30:51,-07:00,2025-04-11T23:30:51-07:00,0,0
style.css,167,css,01d79daa,bcan13,2025-04-11,23:30:51,-07:00,2025-04-11T23:30:51-07:00,0,0
style.css,168,css,d4b8450d,Brian Can,2025-04-18,17:32:32,-07:00,2025-04-18T17:32:32-07:00,0,19
style.css,169,css,adb10db1,Brian Can,2025-04-18,17:37:29,-07:00,2025-04-18T17:37:29-07:00,0,20
style.css,170,css,adb10db1,Brian Can,2025-04-18,17:37:29,-07:00,2025-04-18T17:37:29-07:00,0,19
style.css,171,css,adb10db1,Brian Can,2025-04-18,17:37:29,-07:00,2025-04-18T17:37:29-07:00,0,10
style.css,172,css,d4b8450d,Brian Can,2025-04-18,17:32:32,-07:00,2025-04-18T17:32:32-07:00,0,18
style.css,173,css,d4b8450d,Brian Can,2025-04-18,17:32:32,-07:00,2025-04-18T17:32:32-07:00,0,8
style.css,174,css,d4b8450d,Brian Can,2025-04-18,17:32:32,-07:00,2025-04-18T17:32:32-07:00,0,10
style.css,175,css,ad85d0af,Brian Can,2025-04-18,17:58:52,-07:00,2025-04-18T17:58:52-07:00,0,0
style.css,176,css,02d1a783,Brian Can,2025-04-25,20:08:46,-07:00,2025-04-25T20:08:46-07:00,0,0
style.css,177,css,02d1a783,Brian Can,2025-04-25,20:08:46,-07:00,2025-04-25T20:08:46-07:00,0,3
style.css,178,css,02d1a783,Brian Can,2025-04-25,20:08:46,-07:00,2025-04-25T20:08:46-07:00,0,13
style.css,179,css,02d1a783,Brian Can,2025-04-25,20:08:46,-07:00,2025-04-25T20:08:46-07:00,0,37
style.css,180,css,02d1a783,Brian Can,2025-04-25,20:08:46,-07:00,2025-04-25T20:08:46-07:00,0,18
style.css,181,css,02d1a783,Brian Can,2025-04-25,20:08:46,-07:00,2025-04-25T20:08:46-07:00,0,0
style.css,182,css,02d1a783,Brian Can,2025-04-25,20:08:46,-07:00,2025-04-25T20:08:46-07:00,0,0
style.css,183,css,02d1a783,Brian Can,2025-04-25,20:08:46,-07:00,2025-04-25T20:08:46-07:00,0,3
style.css,184,css,02d1a783,Brian Can,2025-04-25,20:08:46,-07:00,2025-04-25T20:08:46-07:00,0,11
style.css,185,css,02d1a783,Brian Can,2025-04-25,20:08:46,-07:00,2025-04-25T20:08:46-07:00,0,79
style.css,186,css,02d1a783,Brian Can,2025-04-25,20:08:46,-07:00,2025-04-25T20:08:46-07:00,0,0
style.css,187,css,02d1a783,Brian Can,2025-04-25,20:08:46,-07:00,2025-04-25T20:08:46-07:00,0,0
style.css,188,css,02d1a783,Brian Can,2025-04-25,20:08:46,-07:00,2025-04-25T20:08:46-07:00,0,3
style.css,189,css,02d1a783,Brian Can,2025-04-25,20:08:46,-07:00,2025-04-25T20:08:46-07:00,0,11
style.css,190,css,02d1a783,Brian Can,2025-04-25,20:08:46,-07:00,2025-04-25T20:08:46-07:00,0,39
style.css,191,css,02d1a783,Brian Can,2025-04-25,20:08:46,-07:00,2025-04-25T20:08:46-07:00,0,63
style.css,192,css,02d1a783,Brian Can,2025-04-25,20:08:46,-07:00,2025-04-25T20:08:46-07:00,0,9
style.css,193,css,02d1a783,Brian Can,2025-04-25,20:08:46,-07:00,2025-04-25T20:08:46-07:00,0,0
style.css,194,css,c2d14731,bcan13,2025-05-02,18:19:10,-07:00,2025-05-02T18:19:10-07:00,0,0
style.css,195,css,c2d14731,bcan13,2025-05-02,18:19:10,-07:00,2025-05-02T18:19:10-07:00,0,15
style.css,196,css,c2d14731,bcan13,2025-05-02,18:19:10,-07:00,2025-05-02T18:19:10-07:00,0,15
style.css,197,css,c2d14731,bcan13,2025-05-02,18:19:10,-07:00,2025-05-02T18:19:10-07:00,0,17
style.css,198,css,c2d14731,bcan13,2025-05-02,18:19:10,-07:00,2025-05-02T18:19:10-07:00,0,17
style.css,199,css,c2d14731,bcan13,2025-05-02,18:19:10,-07:00,2025-05-02T18:19:10-07:00,0,0
style.css,200,css,c2d14731,bcan13,2025-05-02,18:19:10,-07:00,2025-05-02T18:19:10-07:00,0,0
style.css,201,css,c2d14731,bcan13,2025-05-02,18:19:10,-07:00,2025-05-02T18:19:10-07:00,0,19
style.css,202,css,c2d14731,bcan13,2025-05-02,18:19:10,-07:00,2025-05-02T18:19:10-07:00,0,8
style.css,203,css,c2d14731,bcan13,2025-05-02,18:19:10,-07:00,2025-05-02T18:19:10-07:00,0,13
style.css,204,css,c2d14731,bcan13,2025-05-02,18:19:10,-07:00,2025-05-02T18:19:10-07:00,0,87
style.css,205,css,c2d14731,bcan13,2025-05-02,18:19:10,-07:00,2025-05-02T18:19:10-07:00,0,41
style.css,206,css,c2d14731,bcan13,2025-05-02,18:19:10,-07:00,2025-05-02T18:19:10-07:00,0,59
style.css,207,css,c2d14731,bcan13,2025-05-02,18:19:10,-07:00,2025-05-02T18:19:10-07:00,0,42
style.css,208,css,c2d14731,bcan13,2025-05-02,18:19:10,-07:00,2025-05-02T18:19:10-07:00,0,43
style.css,209,css,c2d14731,bcan13,2025-05-02,18:19:10,-07:00,2025-05-02T18:19:10-07:00,0,42
style.css,210,css,c2d14731,bcan13,2025-05-02,18:19:10,-07:00,2025-05-02T18:19:10-07:00,0,0
style.css,211,css,c2d14731,bcan13,2025-05-02,18:19:10,-07:00,2025-05-02T18:19:10-07:00,0,0
style.css,212,css,c2d14731,bcan13,2025-05-02,18:19:10,-07:00,2025-05-02T18:19:10-07:00,0,11
style.css,213,css,c2d14731,bcan13,2025-05-02,18:19:10,-07:00,2025-05-02T18:19:10-07:00,0,13
style.css,214,css,c2d14731,bcan13,2025-05-02,18:19:10,-07:00,2025-05-02T18:19:10-07:00,0,58
style.css,215,css,c2d14731,bcan13,2025-05-02,18:19:10,-07:00,2025-05-02T18:19:10-07:00,0,46
style.css,216,css,c2d14731,bcan13,2025-05-02,18:19:10,-07:00,2025-05-02T18:19:10-07:00,0,45
style.css,217,css,c2d14731,bcan13,2025-05-02,18:19:10,-07:00,2025-05-02T18:19:10-07:00,0,0
style.css,218,css,c2d14731,bcan13,2025-05-02,18:19:10,-07:00,2025-05-02T18:19:10-07:00,0,0
style.css,219,css,c2d14731,bcan13,2025-05-02,18:19:10,-07:00,2025-05-02T18:19:10-07:00,0,16
style.css,220,css,c2d14731,bcan13,2025-05-02,18:19:10,-07:00,2025-05-02T18:19:10-07:00,0,21
style.css,221,css,c2d14731,bcan13,2025-05-02,18:19:10,-07:00,2025-05-02T18:19:10-07:00,0,36
style.css,222,css,c2d14731,bcan13,2025-05-02,18:19:10,-07:00,2025-05-02T18:19:10-07:00,0,38
style.css,223,css,c2d14731,bcan13,2025-05-02,18:19:10,-07:00,2025-05-02T18:19:10-07:00,0,59
style.css,224,css,c2d14731,bcan13,2025-05-02,18:19:10,-07:00,2025-05-02T18:19:10-07:00,0,58
style.css,225,css,c2d14731,bcan13,2025-05-02,18:19:10,-07:00,2025-05-02T18:19:10-07:00,0,66
style.css,226,css,c2d14731,bcan13,2025-05-02,18:19:10,-07:00,2025-05-02T18:19:10-07:00,0,0
style.css,227,css,c2d14731,bcan13,2025-05-02,18:19:10,-07:00,2025-05-02T18:19:10-07:00,0,0
style.css,228,css,c2d14731,bcan13,2025-05-02,18:19:10,-07:00,2025-05-02T18:19:10-07:00,0,39
style.css,229,css,c2d14731,bcan13,2025-05-02,18:19:10,-07:00,2025-05-02T18:19:10-07:00,0,11
style.css,230,css,c2d14731,bcan13,2025-05-02,18:19:10,-07:00,2025-05-02T18:19:10-07:00,0,58
style.css,231,css,c2d14731,bcan13,2025-05-02,18:19:10,-07:00,2025-05-02T18:19:10-07:00,0,48
style.css,232,css,c2d14731,bcan13,2025-05-02,18:19:10,-07:00,2025-05-02T18:19:10-07:00,0,53
style.css,233,css,c2d14731,bcan13,2025-05-02,18:19:10,-07:00,2025-05-02T18:19:10-07:00,0,46
style.css,234,css,c2d14731,bcan13,2025-05-02,18:19:10,-07:00,2025-05-02T18:19:10-07:00,0,0
style.css,235,css,c2d14731,bcan13,2025-05-02,18:19:10,-07:00,2025-05-02T18:19:10-07:00,0,0
style.css,236,css,c2d14731,bcan13,2025-05-02,18:19:10,-07:00,2025-05-02T18:19:10-07:00,0,15
style.css,237,css,c2d14731,bcan13,2025-05-02,18:19:10,-07:00,2025-05-02T18:19:10-07:00,0,57
style.css,238,css,c2d14731,bcan13,2025-05-02,18:19:10,-07:00,2025-05-02T18:19:10-07:00,0,53
style.css,239,css,c2d14731,bcan13,2025-05-02,18:19:10,-07:00,2025-05-02T18:19:10-07:00,0,0
style.css,240,css,c2d14731,bcan13,2025-05-02,18:19:10,-07:00,2025-05-02T18:19:10-07:00,0,0
style.css,241,css,c2d14731,bcan13,2025-05-02,18:19:10,-07:00,2025-05-02T18:19:10-07:00,0,19
style.css,242,css,c2d14731,bcan13,2025-05-02,18:19:10,-07:00,2025-05-02T18:19:10-07:00,0,57
style.css,243,css,c2d14731,bcan13,2025-05-02,18:19:10,-07:00,2025-05-02T18:19:10-07:00,0,0
style.css,244,css,c2d14731,bcan13,2025-05-02,18:19:10,-07:00,2025-05-02T18:19:10-07:00,0,0
style.css,245,css,c2d14731,bcan13,2025-05-02,18:19:10,-07:00,2025-05-02T18:19:10-07:00,0,18
style.css,246,css,c2d14731,bcan13,2025-05-02,18:19:10,-07:00,2025-05-02T18:19:10-07:00,0,17
style.css,247,css,c2d14731,bcan13,2025-05-02,18:19:10,-07:00,2025-05-02T18:19:10-07:00,0,12
style.css,248,css,c2d14731,bcan13,2025-05-02,18:19:10,-07:00,2025-05-02T18:19:10-07:00,0,0
style.css,249,css,c2d14731,bcan13,2025-05-02,18:19:10,-07:00,2025-05-02T18:19:10-07:00,0,0
style.css,250,css,c2d14731,bcan13,2025-05-02,18:19:10,-07:00,2025-05-02T18:19:10-07:00,0,0
style.css,251,css,c2d14731,bcan13,2025-05-02,18:19:10,-07:00,2025-05-02T18:19:10-07:00,0,5
style.css,252,css,c2d14731,bcan13,2025-05-02,18:19:10,-07:00,2025-05-02T18:19:10-07:00,0,17
style.css,253,css,c2d14731,bcan13,2025-05-02,18:19:10,-07:00,2025-05-02T18:19:10-07:00,0,0
style.css,254,css,c2d14731,bcan13,2025-05-02,18:19:10,-07:00,2025-05-02T18:19:10-07:00,0,0
style.css,255,css,c2d14731,bcan13,2025-05-02,18:19:10,-07:00,2025-05-02T18:19:10-07:00,0,10
style.css,256,css,c2d14731,bcan13,2025-05-02,18:19:10,-07:00,2025-05-02T18:19:10-07:00,0,36
style.css,257,css,c2d14731,bcan13,2025-05-02,18:19:10,-07:00,2025-05-02T18:19:10-07:00,0,0
style.css,258,css,c2d14731,bcan13,2025-05-02,18:19:10,-07:00,2025-05-02T18:19:10-07:00,0,11
style.css,259,css,c2d14731,bcan13,2025-05-02,18:19:10,-07:00,2025-05-02T18:19:10-07:00,0,18
style.css,260,css,c2d14731,bcan13,2025-05-02,18:19:10,-07:00,2025-05-02T18:19:10-07:00,0,0
style.css,261,css,c2d14731,bcan13,2025-05-02,18:19:10,-07:00,2025-05-02T18:19:10-07:00,0,0
style.css,262,css,c2d14731,bcan13,2025-05-02,18:19:10,-07:00,2025-05-02T18:19:10-07:00,0,0
style.css,263,css,c2d14731,bcan13,2025-05-02,18:19:10,-07:00,2025-05-02T18:19:10-07:00,0,5
style.css,264,css,c2d14731,bcan13,2025-05-02,18:19:10,-07:00,2025-05-02T18:19:10-07:00,0,15
style.css,265,css,c2d14731,bcan13,2025-05-02,18:19:10,-07:00,2025-05-02T18:19:10-07:00,0,0
style.css,266,css,00000000,Not Committed Yet,2025-05-09,19:19:06,-07:00,2025-05-09T19:19:06-07:00,0,0
style.css,267,css,00000000,Not Committed Yet,2025-05-09,19:19:06,-07:00,2025-05-09T19:19:06-07:00,0,8
style.css,268,css,00000000,Not Committed Yet,2025-05-09,19:19:06,-07:00,2025-05-09T19:19:06-07:00,0,13
style.css,269,css,00000000,Not Committed Yet,2025-05-09,19:19:06,-07:00,2025-05-09T19:19:06-07:00,0,86
style.css,270,css,00000000,Not Committed Yet,2025-05-09,19:19:06,-07:00,2025-05-09T19:19:06-07:00,0,47
style.css,271,css,00000000,Not Committed Yet,2025-05-09,19:19:06,-07:00,2025-05-09T19:19:06-07:00,0,38
style.css,272,css,00000000,Not Committed Yet,2025-05-09,19:19:06,-07:00,2025-05-09T19:19:06-07:00,0,26
style.css,273,css,00000000,Not Committed Yet,2025-05-09,19:19:06,-07:00,2025-05-09T19:19:06-07:00,0,40
style.css,274,css,00000000,Not Committed Yet,2025-05-09,19:19:06,-07:00,2025-05-09T19:19:06-07:00,0,0
style.css,275,css,00000000,Not Committed Yet,2025-05-09,19:19:06,-07:00,2025-05-09T19:19:06-07:00,0,0
style.css,276,css,00000000,Not Committed Yet,2025-05-09,19:19:06,-07:00,2025-05-09T19:19:06-07:00,0,11
style.css,277,css,00000000,Not Committed Yet,2025-05-09,19:19:06,-07:00,2025-05-09T19:19:06-07:00,0,53
style.css,278,css,00000000,Not Committed Yet,2025-05-09,19:19:06,-07:00,2025-05-09T19:19:06-07:00,0,56
style.css,279,css,00000000,Not Committed Yet,2025-05-09,19:19:06,-07:00,2025-05-09T19:19:06-07:00,0,47
style.css,280,css,00000000,Not Committed Yet,2025-05-09,19:19:06,-07:00,2025-05-09T19:19:06-07:00,0,0
style.css,281,css,00000000,Not Committed Yet,2025-05-09,19:19:06,-07:00,2025-05-09T19:19:06-07:00,0,0
style.css,282,css,00000000,Not Committed Yet,2025-05-09,19:19:06,-07:00,2025-05-09T19:19:06-07:00,0,11
style.css,283,css,00000000,Not Committed Yet,2025-05-09,19:19:06,-07:00,2025-05-09T19:19:06-07:00,0,51
style.css,284,css,00000000,Not Committed Yet,2025-05-09,19:19:06,-07:00,2025-05-09T19:19:06-07:00,0,45
style.css,285,css,00000000,Not Committed Yet,2025-05-09,19:19:06,-07:00,2025-05-09T19:19:06-07:00,0,38
style.css,286,css,00000000,Not Committed Yet,2025-05-09,19:19:06,-07:00,2025-05-09T19:19:06-07:00,0,47
style.css,287,css,00000000,Not Committed Yet,2025-05-09,19:19:06,-07:00,2025-05-09T19:19:06-07:00,0,0
style.css,288,css,00000000,Not Committed Yet,2025-05-09,19:19:06,-07:00,2025-05-09T19:19:06-07:00,0,0
style.css,289,css,00000000,Not Committed Yet,2025-05-09,19:19:06,-07:00,2025-05-09T19:19:06-07:00,0,23
style.css,290,css,00000000,Not Committed Yet,2025-05-09,19:19:06,-07:00,2025-05-09T19:19:06-07:00,0,9
style.css,291,css,00000000,Not Committed Yet,2025-05-09,19:19:06,-07:00,2025-05-09T19:19:06-07:00,0,52
style.css,292,css,00000000,Not Committed Yet,2025-05-09,19:19:06,-07:00,2025-05-09T19:19:06-07:00,0,47
style.css,293,css,00000000,Not Committed Yet,2025-05-09,19:19:06,-07:00,2025-05-09T19:19:06-07:00,0,49
style.css,294,css,00000000,Not Committed Yet,2025-05-09,19:19:06,-07:00,2025-05-09T19:19:06-07:00,0,42
style.css,295,css,00000000,Not Committed Yet,2025-05-09,19:19:06,-07:00,2025-05-09T19:19:06-07:00,0,49
style.css,296,css,00000000,Not Committed Yet,2025-05-09,19:19:06,-07:00,2025-05-09T19:19:06-07:00,0,70
style.css,297,css,00000000,Not Committed Yet,2025-05-09,19:19:06,-07:00,2025-05-09T19:19:06-07:00,0,56
style.css,298,css,00000000,Not Committed Yet,2025-05-09,19:19:06,-07:00,2025-05-09T19:19:06-07:00,0,0
style.css,299,css,00000000,Not Committed Yet,2025-05-09,19:19:06,-07:00,2025-05-09T19:19:06-07:00,0,0
style.css,300,css,00000000,Not Committed Yet,2025-05-09,19:19:06,-07:00,2025-05-09T19:19:06-07:00,0,7
style.css,301,css,00000000,Not Committed Yet,2025-05-09,19:19:06,-07:00,2025-05-09T19:19:06-07:00,0,17
style.css,302,css,00000000,Not Committed Yet,2025-05-09,19:19:06,-07:00,2025-05-09T19:19:06-07:00,0,17
style.css,303,css,00000000,Not Committed Yet,2025-05-09,19:19:06,-07:00,2025-05-09T19:19:06-07:00,0,24
style.css,304,css,00000000,Not Committed Yet,2025-05-09,19:19:06,-07:00,2025-05-09T19:19:06-07:00,0,23
style.css,305,css,00000000,Not Committed Yet,2025-05-09,19:19:06,-07:00,2025-05-09T19:19:06-07:00,0,0
style.css,306,css,00000000,Not Committed Yet,2025-05-09,19:19:06,-07:00,2025-05-09T19:19:06-07:00,0,0
style.css,307,css,00000000,Not Committed Yet,2025-05-09,19:19:06,-07:00,2025-05-09T19:19:06-07:00,0,13
style.css,308,css,00000000,Not Committed Yet,2025-05-09,19:19:06,-07:00,2025-05-09T19:19:06-07:00,0,21
style.css,309,css,00000000,Not Committed Yet,2025-05-09,19:19:06,-07:00,2025-05-09T19:19:06-07:00,0,0
style.css,310,css,00000000,Not Committed Yet,2025-05-09,19:19:06,-07:00,2025-05-09T19:19:06-07:00,0,0
style.css,311,css,00000000,Not Committed Yet,2025-05-09,19:19:06,-07:00,2025-05-09T19:19:06-07:00,0,43
style.css,312,css,00000000,Not Committed Yet,2025-05-09,19:19:06,-07:00,2025-05-09T19:19:06-07:00,0,10
style.css,313,css,00000000,Not Committed Yet,2025-05-09,19:19:06,-07:00,2025-05-09T19:19:06-07:00,0,18
style.css,314,css,00000000,Not Committed Yet,2025-05-09,19:19:06,-07:00,2025-05-09T19:19:06-07:00,0,0
style.css,315,css,00000000,Not Committed Yet,2025-05-09,19:19:06,-07:00,2025-05-09T19:19:06-07:00,0,0
style.css,316,css,00000000,Not Committed Yet,2025-05-09,19:19:06,-07:00,2025-05-09T19:19:06-07:00,0,25
style.css,317,css,00000000,Not Committed Yet,2025-05-09,19:19:06,-07:00,2025-05-09T19:19:06-07:00,0,3
style.css,318,css,00000000,Not Committed Yet,2025-05-09,19:19:06,-07:00,2025-05-09T19:19:06-07:00,0,33
style.css,319,css,00000000,Not Committed Yet,2025-05-09,19:19:06,-07:00,2025-05-09T19:19:06-07:00,0,0
style.css,320,css,00000000,Not Committed Yet,2025-05-09,19:19:06,-07:00,2025-05-09T19:19:06-07:00,0,0
style.css,321,css,00000000,Not Committed Yet,2025-05-09,19:19:06,-07:00,2025-05-09T19:19:06-07:00,0,0
style.css,322,css,00000000,Not Committed Yet,2025-05-09,19:19:06,-07:00,2025-05-09T19:19:06-07:00,0,11
style.css,323,css,00000000,Not Committed Yet,2025-05-09,19:19:06,-07:00,2025-05-09T19:19:06-07:00,0,17
style.css,324,css,00000000,Not Committed Yet,2025-05-09,19:19:06,-07:00,2025-05-09T19:19:06-07:00,0,13
style.css,325,css,00000000,Not Committed Yet,2025-05-09,19:19:06,-07:00,2025-05-09T19:19:06-07:00,0,19
style.css,326,css,00000000,Not Committed Yet,2025-05-09,19:19:06,-07:00,2025-05-09T19:19:06-07:00,0,21
style.css,327,css,00000000,Not Committed Yet,2025-05-09,19:19:06,-07:00,2025-05-09T19:19:06-07:00,0,43
style.css,328,css,00000000,Not Committed Yet,2025-05-09,19:19:06,-07:00,2025-05-09T19:19:06-07:00,0,0
style.css,329,css,00000000,Not Committed Yet,2025-05-09,19:19:06,-07:00,2025-05-09T19:19:06-07:00,0,0
style.css,330,css,00000000,Not Committed Yet,2025-05-09,19:19:06,-07:00,2025-05-09T19:19:06-07:00,0,16
style.css,331,css,00000000,Not Committed Yet,2025-05-09,19:19:06,-07:00,2025-05-09T19:19:06-07:00,0,13
style.css,332,css,00000000,Not Committed Yet,2025-05-09,19:19:06,-07:00,2025-05-09T19:19:06-07:00,0,0
index.js,1,js,02d1a783,Brian Can,2025-04-25,20:08:46,-07:00,2025-04-25T20:08:46-07:00,0,72
index.js,2,js,02d1a783,Brian Can,2025-04-25,20:08:46,-07:00,2025-04-25T20:08:46-07:00,0,0
index.js,3,js,02d1a783,Brian Can,2025-04-25,20:08:46,-07:00,2025-04-25T20:08:46-07:00,0,55
index.js,4,js,02d1a783,Brian Can,2025-04-25,20:08:46,-07:00,2025-04-25T20:08:46-07:00,0,43
index.js,5,js,02d1a783,Brian Can,2025-04-25,20:08:46,-07:00,2025-04-25T20:08:46-07:00,0,0
index.js,6,js,02d1a783,Brian Can,2025-04-25,20:08:46,-07:00,2025-04-25T20:08:46-07:00,0,61
index.js,7,js,02d1a783,Brian Can,2025-04-25,20:08:46,-07:00,2025-04-25T20:08:46-07:00,0,0
index.js,8,js,02d1a783,Brian Can,2025-04-25,20:08:46,-07:00,2025-04-25T20:08:46-07:00,0,55
index.js,9,js,02d1a783,Brian Can,2025-04-25,20:08:46,-07:00,2025-04-25T20:08:46-07:00,0,0
index.js,10,js,ab0c07f3,Brian Can,2025-04-25,20:12:12,-07:00,2025-04-25T20:12:12-07:00,0,50
index.js,11,js,02d1a783,Brian Can,2025-04-25,20:08:46,-07:00,2025-04-25T20:08:46-07:00,0,0
index.js,12,js,02d1a783,Brian Can,2025-04-25,20:08:46,-07:00,2025-04-25T20:08:46-07:00,0,61
index.js,13,js,02d1a783,Brian Can,2025-04-25,20:08:46,-07:00,2025-04-25T20:08:46-07:00,0,0
index.js,14,js,02d1a783,Brian Can,2025-04-25,20:08:46,-07:00,2025-04-25T20:08:46-07:00,0,18
index.js,15,js,02d1a783,Brian Can,2025-04-25,20:08:46,-07:00,2025-04-25T20:08:46-07:00,0,25
index.js,16,js,02d1a783,Brian Can,2025-04-25,20:08:46,-07:00,2025-04-25T20:08:46-07:00,0,3
index.js,17,js,02d1a783,Brian Can,2025-04-25,20:08:46,-07:00,2025-04-25T20:08:46-07:00,0,56
index.js,18,js,02d1a783,Brian Can,2025-04-25,20:08:46,-07:00,2025-04-25T20:08:46-07:00,0,56
index.js,19,js,02d1a783,Brian Can,2025-04-25,20:08:46,-07:00,2025-04-25T20:08:46-07:00,0,50
index.js,20,js,02d1a783,Brian Can,2025-04-25,20:08:46,-07:00,2025-04-25T20:08:46-07:00,0,50
index.js,21,js,02d1a783,Brian Can,2025-04-25,20:08:46,-07:00,2025-04-25T20:08:46-07:00,0,4
index.js,22,js,02d1a783,Brian Can,2025-04-25,20:08:46,-07:00,2025-04-25T20:08:46-07:00,0,1
index.js,23,js,02d1a783,Brian Can,2025-04-25,20:08:46,-07:00,2025-04-25T20:08:46-07:00,0,0
index.js,24,js,02d1a783,Brian Can,2025-04-25,20:08:46,-07:00,2025-04-25T20:08:46-07:00,0,0
index.js,25,js,02d1a783,Brian Can,2025-04-25,20:08:46,-07:00,2025-04-25T20:08:46-07:00,0,0
index.html,1,html,41345eb7,bcan13,2025-04-03,18:15:08,-07:00,2025-04-03T18:15:08-07:00,0,14
index.html,2,html,41345eb7,bcan13,2025-04-03,18:15:08,-07:00,2025-04-03T18:15:08-07:00,0,15
index.html,3,html,41345eb7,bcan13,2025-04-03,18:15:08,-07:00,2025-04-03T18:15:08-07:00,0,5
index.html,4,html,e95f2a0d,bcan13,2025-04-03,18:54:06,-07:00,2025-04-03T18:54:06-07:00,0,0
index.html,5,html,e93d0a1a,bcan13,2025-04-11,23:36:26,-07:00,2025-04-11T23:36:26-07:00,0,39
index.html,6,html,e95f2a0d,bcan13,2025-04-03,18:54:06,-07:00,2025-04-03T18:54:06-07:00,0,0
index.html,7,html,41345eb7,bcan13,2025-04-03,18:15:08,-07:00,2025-04-03T18:15:08-07:00,0,21
index.html,8,html,41345eb7,bcan13,2025-04-03,18:15:08,-07:00,2025-04-03T18:15:08-07:00,0,69
index.html,9,html,41345eb7,bcan13,2025-04-03,18:15:08,-07:00,2025-04-03T18:15:08-07:00,0,52
index.html,10,html,d4b8450d,Brian Can,2025-04-18,17:32:32,-07:00,2025-04-18T17:32:32-07:00,0,46
index.html,11,html,02d1a783,Brian Can,2025-04-25,20:08:46,-07:00,2025-04-25T20:08:46-07:00,0,51
index.html,12,html,e95f2a0d,bcan13,2025-04-03,18:54:06,-07:00,2025-04-03T18:54:06-07:00,0,0
index.html,13,html,41345eb7,bcan13,2025-04-03,18:15:08,-07:00,2025-04-03T18:15:08-07:00,0,6
index.html,14,html,41345eb7,bcan13,2025-04-03,18:15:08,-07:00,2025-04-03T18:15:08-07:00,0,0
index.html,15,html,41345eb7,bcan13,2025-04-03,18:15:08,-07:00,2025-04-03T18:15:08-07:00,0,5
index.html,16,html,e95f2a0d,bcan13,2025-04-03,18:54:06,-07:00,2025-04-03T18:54:06-07:00,0,0
index.html,17,html,41345eb7,bcan13,2025-04-03,18:15:08,-07:00,2025-04-03T18:15:08-07:00,0,3
index.html,18,html,41345eb7,bcan13,2025-04-03,18:15:08,-07:00,2025-04-03T18:15:08-07:00,0,8
index.html,19,html,41345eb7,bcan13,2025-04-03,18:15:08,-07:00,2025-04-03T18:15:08-07:00,0,4
index.html,20,html,61a49520,Brian Can,2025-04-10,23:23:23,-07:00,2025-04-10T23:23:23-07:00,0,0
index.html,21,html,61a49520,Brian Can,2025-04-10,23:23:23,-07:00,2025-04-10T23:23:23-07:00,0,124
index.html,22,html,61a49520,Brian Can,2025-04-10,23:23:23,-07:00,2025-04-10T23:23:23-07:00,0,0
index.html,23,html,41345eb7,bcan13,2025-04-03,18:15:08,-07:00,2025-04-03T18:15:08-07:00,0,2
index.html,24,html,8ac1ccd8,bcan13,2025-04-04,00:34:53,-07:00,2025-04-04T00:34:53-07:00,0,184
index.html,25,html,41345eb7,bcan13,2025-04-03,18:15:08,-07:00,2025-04-03T18:15:08-07:00,0,3
index.html,26,html,02d1a783,Brian Can,2025-04-25,20:08:46,-07:00,2025-04-25T20:08:46-07:00,0,0
index.html,27,html,02d1a783,Brian Can,2025-04-25,20:08:46,-07:00,2025-04-25T20:08:46-07:00,0,23
index.html,28,html,02d1a783,Brian Can,2025-04-25,20:08:46,-07:00,2025-04-25T20:08:46-07:00,0,23
index.html,29,html,02d1a783,Brian Can,2025-04-25,20:08:46,-07:00,2025-04-25T20:08:46-07:00,0,0
index.html,30,html,02d1a783,Brian Can,2025-04-25,20:08:46,-07:00,2025-04-25T20:08:46-07:00,0,5
index.html,31,html,02d1a783,Brian Can,2025-04-25,20:08:46,-07:00,2025-04-25T20:08:46-07:00,0,0
index.html,32,html,02d1a783,Brian Can,2025-04-25,20:08:46,-07:00,2025-04-25T20:08:46-07:00,0,23
index.html,33,html,02d1a783,Brian Can,2025-04-25,20:08:46,-07:00,2025-04-25T20:08:46-07:00,0,21
index.html,34,html,02d1a783,Brian Can,2025-04-25,20:08:46,-07:00,2025-04-25T20:08:46-07:00,0,50
index.html,35,html,02d1a783,Brian Can,2025-04-25,20:08:46,-07:00,2025-04-25T20:08:46-07:00,0,5
index.html,36,html,e95f2a0d,bcan13,2025-04-03,18:54:06,-07:00,2025-04-03T18:54:06-07:00,0,0
index.html,37,html,41345eb7,bcan13,2025-04-03,18:15:08,-07:00,2025-04-03T18:15:08-07:00,0,6
index.html,38,html,41345eb7,bcan13,2025-04-03,18:15:08,-07:00,2025-04-03T18:15:08-07:00,0,0
index.html,39,html,41345eb7,bcan13,2025-04-03,18:15:08,-07:00,2025-04-03T18:15:08-07:00,0,6
global.js,1,js,d4b8450d,Brian Can,2025-04-18,17:32:32,-07:00,2025-04-18T17:32:32-07:00,0,26
global.js,2,js,d4b8450d,Brian Can,2025-04-18,17:32:32,-07:00,2025-04-18T17:32:32-07:00,0,0
global.js,3,js,d4b8450d,Brian Can,2025-04-18,17:32:32,-07:00,2025-04-18T17:32:32-07:00,0,42
global.js,4,js,d4b8450d,Brian Can,2025-04-18,17:32:32,-07:00,2025-04-18T17:32:32-07:00,0,53
global.js,5,js,d4b8450d,Brian Can,2025-04-18,17:32:32,-07:00,2025-04-18T17:32:32-07:00,0,0
global.js,6,js,d4b8450d,Brian Can,2025-04-18,17:32:32,-07:00,2025-04-18T17:32:32-07:00,0,0
global.js,7,js,8d564aab,Brian Can,2025-04-18,17:51:09,-07:00,2025-04-18T17:51:09-07:00,0,16
global.js,8,js,8d564aab,Brian Can,2025-04-18,17:51:09,-07:00,2025-04-18T17:51:09-07:00,0,69
global.js,9,js,8d564aab,Brian Can,2025-04-18,17:51:09,-07:00,2025-04-18T17:51:09-07:00,0,4
global.js,10,js,8d564aab,Brian Can,2025-04-18,17:51:09,-07:00,2025-04-18T17:51:09-07:00,0,15
global.js,11,js,d4b8450d,Brian Can,2025-04-18,17:32:32,-07:00,2025-04-18T17:32:32-07:00,0,0
global.js,12,js,d4b8450d,Brian Can,2025-04-18,17:32:32,-07:00,2025-04-18T17:32:32-07:00,0,12
global.js,13,js,d4b8450d,Brian Can,2025-04-18,17:32:32,-07:00,2025-04-18T17:32:32-07:00,0,26
global.js,14,js,d4b8450d,Brian Can,2025-04-18,17:32:32,-07:00,2025-04-18T17:32:32-07:00,0,39
global.js,15,js,d4b8450d,Brian Can,2025-04-18,17:32:32,-07:00,2025-04-18T17:32:32-07:00,0,35
global.js,16,js,d4b8450d,Brian Can,2025-04-18,17:32:32,-07:00,2025-04-18T17:32:32-07:00,0,37
global.js,17,js,d4b8450d,Brian Can,2025-04-18,17:32:32,-07:00,2025-04-18T17:32:32-07:00,0,54
global.js,18,js,d4b8450d,Brian Can,2025-04-18,17:32:32,-07:00,2025-04-18T17:32:32-07:00,0,1
global.js,19,js,d4b8450d,Brian Can,2025-04-18,17:32:32,-07:00,2025-04-18T17:32:32-07:00,0,0
global.js,20,js,d4b8450d,Brian Can,2025-04-18,17:32:32,-07:00,2025-04-18T17:32:32-07:00,0,39
global.js,21,js,d4b8450d,Brian Can,2025-04-18,17:32:32,-07:00,2025-04-18T17:32:32-07:00,0,26
global.js,22,js,d4b8450d,Brian Can,2025-04-18,17:32:32,-07:00,2025-04-18T17:32:32-07:00,0,0
global.js,23,js,d4b8450d,Brian Can,2025-04-18,17:32:32,-07:00,2025-04-18T17:32:32-07:00,0,24
global.js,24,js,d4b8450d,Brian Can,2025-04-18,17:32:32,-07:00,2025-04-18T17:32:32-07:00,0,18
global.js,25,js,d4b8450d,Brian Can,2025-04-18,17:32:32,-07:00,2025-04-18T17:32:32-07:00,0,22
global.js,26,js,d4b8450d,Brian Can,2025-04-18,17:32:32,-07:00,2025-04-18T17:32:32-07:00,0,0
global.js,27,js,8d564aab,Brian Can,2025-04-18,17:51:09,-07:00,2025-04-18T17:51:09-07:00,0,53
global.js,28,js,d4b8450d,Brian Can,2025-04-18,17:32:32,-07:00,2025-04-18T17:32:32-07:00,0,0
global.js,29,js,d4b8450d,Brian Can,2025-04-18,17:32:32,-07:00,2025-04-18T17:32:32-07:00,0,35
global.js,30,js,d4b8450d,Brian Can,2025-04-18,17:32:32,-07:00,2025-04-18T17:32:32-07:00,0,12
global.js,31,js,d4b8450d,Brian Can,2025-04-18,17:32:32,-07:00,2025-04-18T17:32:32-07:00,0,21
global.js,32,js,d4b8450d,Brian Can,2025-04-18,17:32:32,-07:00,2025-04-18T17:32:32-07:00,0,0
global.js,33,js,d4b8450d,Brian Can,2025-04-18,17:32:32,-07:00,2025-04-18T17:32:32-07:00,0,66
global.js,34,js,d4b8450d,Brian Can,2025-04-18,17:32:32,-07:00,2025-04-18T17:32:32-07:00,0,26
global.js,35,js,8d564aab,Brian Can,2025-04-18,17:51:09,-07:00,2025-04-18T17:51:09-07:00,0,0
global.js,36,js,d4b8450d,Brian Can,2025-04-18,17:32:32,-07:00,2025-04-18T17:32:32-07:00,0,0
global.js,37,js,8d564aab,Brian Can,2025-04-18,17:51:09,-07:00,2025-04-18T17:51:09-07:00,0,30
global.js,38,js,d4b8450d,Brian Can,2025-04-18,17:32:32,-07:00,2025-04-18T17:32:32-07:00,0,19
global.js,39,js,8d564aab,Brian Can,2025-04-18,17:51:09,-07:00,2025-04-18T17:51:09-07:00,0,29
global.js,40,js,8d564aab,Brian Can,2025-04-18,17:51:09,-07:00,2025-04-18T17:51:09-07:00,0,0
global.js,41,js,d4b8450d,Brian Can,2025-04-18,17:32:32,-07:00,2025-04-18T17:32:32-07:00,0,0
global.js,42,js,d4b8450d,Brian Can,2025-04-18,17:32:32,-07:00,2025-04-18T17:32:32-07:00,0,13
global.js,43,js,d4b8450d,Brian Can,2025-04-18,17:32:32,-07:00,2025-04-18T17:32:32-07:00,0,0
global.js,44,js,d4b8450d,Brian Can,2025-04-18,17:32:32,-07:00,2025-04-18T17:32:32-07:00,0,0
global.js,45,js,d4b8450d,Brian Can,2025-04-18,17:32:32,-07:00,2025-04-18T17:32:32-07:00,0,32
global.js,46,js,d4b8450d,Brian Can,2025-04-18,17:32:32,-07:00,2025-04-18T17:32:32-07:00,0,12
global.js,47,js,d4b8450d,Brian Can,2025-04-18,17:32:32,-07:00,2025-04-18T17:32:32-07:00,0,0
global.js,48,js,d4b8450d,Brian Can,2025-04-18,17:32:32,-07:00,2025-04-18T17:32:32-07:00,0,27
global.js,49,js,d4b8450d,Brian Can,2025-04-18,17:32:32,-07:00,2025-04-18T17:32:32-07:00,0,5
global.js,50,js,d4b8450d,Brian Can,2025-04-18,17:32:32,-07:00,2025-04-18T17:32:32-07:00,0,7
global.js,51,js,d4b8450d,Brian Can,2025-04-18,17:32:32,-07:00,2025-04-18T17:32:32-07:00,0,39
global.js,52,js,d4b8450d,Brian Can,2025-04-18,17:32:32,-07:00,2025-04-18T17:32:32-07:00,0,33
global.js,53,js,d4b8450d,Brian Can,2025-04-18,17:32:32,-07:00,2025-04-18T17:32:32-07:00,0,35
global.js,54,js,d4b8450d,Brian Can,2025-04-18,17:32:32,-07:00,2025-04-18T17:32:32-07:00,0,8
global.js,55,js,d4b8450d,Brian Can,2025-04-18,17:32:32,-07:00,2025-04-18T17:32:32-07:00,0,9
global.js,56,js,d4b8450d,Brian Can,2025-04-18,17:32:32,-07:00,2025-04-18T17:32:32-07:00,0,1
global.js,57,js,d4b8450d,Brian Can,2025-04-18,17:32:32,-07:00,2025-04-18T17:32:32-07:00,0,0
global.js,58,js,d4b8450d,Brian Can,2025-04-18,17:32:32,-07:00,2025-04-18T17:32:32-07:00,0,61
global.js,59,js,d4b8450d,Brian Can,2025-04-18,17:32:32,-07:00,2025-04-18T17:32:32-07:00,0,0
global.js,60,js,d4b8450d,Brian Can,2025-04-18,17:32:32,-07:00,2025-04-18T17:32:32-07:00,0,0
global.js,61,js,d4b8450d,Brian Can,2025-04-18,17:32:32,-07:00,2025-04-18T17:32:32-07:00,0,35
global.js,62,js,d4b8450d,Brian Can,2025-04-18,17:32:32,-07:00,2025-04-18T17:32:32-07:00,0,44
global.js,63,js,d4b8450d,Brian Can,2025-04-18,17:32:32,-07:00,2025-04-18T17:32:32-07:00,0,71
global.js,64,js,d4b8450d,Brian Can,2025-04-18,17:32:32,-07:00,2025-04-18T17:32:32-07:00,0,58
global.js,65,js,d4b8450d,Brian Can,2025-04-18,17:32:32,-07:00,2025-04-18T17:32:32-07:00,0,0
global.js,66,js,d4b8450d,Brian Can,2025-04-18,17:32:32,-07:00,2025-04-18T17:32:32-07:00,0,0
global.js,67,js,d4b8450d,Brian Can,2025-04-18,17:32:32,-07:00,2025-04-18T17:32:32-07:00,0,50
global.js,68,js,d4b8450d,Brian Can,2025-04-18,17:32:32,-07:00,2025-04-18T17:32:32-07:00,0,33
global.js,69,js,d4b8450d,Brian Can,2025-04-18,17:32:32,-07:00,2025-04-18T17:32:32-07:00,0,46
global.js,70,js,d4b8450d,Brian Can,2025-04-18,17:32:32,-07:00,2025-04-18T17:32:32-07:00,0,66
global.js,71,js,d4b8450d,Brian Can,2025-04-18,17:32:32,-07:00,2025-04-18T17:32:32-07:00,0,33
global.js,72,js,d4b8450d,Brian Can,2025-04-18,17:32:32,-07:00,2025-04-18T17:32:32-07:00,0,2
global.js,73,js,d4b8450d,Brian Can,2025-04-18,17:32:32,-07:00,2025-04-18T17:32:32-07:00,0,0
global.js,74,js,02d1a783,Brian Can,2025-04-25,20:08:46,-07:00,2025-04-25T20:08:46-07:00,0,37
global.js,75,js,02d1a783,Brian Can,2025-04-25,20:08:46,-07:00,2025-04-25T20:08:46-07:00,0,4
global.js,76,js,02d1a783,Brian Can,2025-04-25,20:08:46,-07:00,2025-04-25T20:08:46-07:00,0,40
global.js,77,js,02d1a783,Brian Can,2025-04-25,20:08:46,-07:00,2025-04-25T20:08:46-07:00,0,33
global.js,78,js,02d1a783,Brian Can,2025-04-25,20:08:46,-07:00,2025-04-25T20:08:46-07:00,0,18
global.js,79,js,02d1a783,Brian Can,2025-04-25,20:08:46,-07:00,2025-04-25T20:08:46-07:00,0,67
global.js,80,js,02d1a783,Brian Can,2025-04-25,20:08:46,-07:00,2025-04-25T20:08:46-07:00,0,0
global.js,81,js,02d1a783,Brian Can,2025-04-25,20:08:46,-07:00,2025-04-25T20:08:46-07:00,0,34
global.js,82,js,02d1a783,Brian Can,2025-04-25,20:08:46,-07:00,2025-04-25T20:08:46-07:00,0,11
global.js,83,js,02d1a783,Brian Can,2025-04-25,20:08:46,-07:00,2025-04-25T20:08:46-07:00,0,16
global.js,84,js,02d1a783,Brian Can,2025-04-25,20:08:46,-07:00,2025-04-25T20:08:46-07:00,0,60
global.js,85,js,02d1a783,Brian Can,2025-04-25,20:08:46,-07:00,2025-04-25T20:08:46-07:00,0,0
global.js,86,js,02d1a783,Brian Can,2025-04-25,20:08:46,-07:00,2025-04-25T20:08:46-07:00,0,0
global.js,87,js,02d1a783,Brian Can,2025-04-25,20:08:46,-07:00,2025-04-25T20:08:46-07:00,0,0
global.js,88,js,c2d14731,bcan13,2025-05-02,18:19:10,-07:00,2025-05-02T18:19:10-07:00,0,80
global.js,89,js,02d1a783,Brian Can,2025-04-25,20:08:46,-07:00,2025-04-25T20:08:46-07:00,0,31
global.js,90,js,02d1a783,Brian Can,2025-04-25,20:08:46,-07:00,2025-04-25T20:08:46-07:00,0,0
global.js,91,js,c2d14731,bcan13,2025-05-02,18:19:10,-07:00,2025-05-02T18:19:10-07:00,0,30
global.js,92,js,02d1a783,Brian Can,2025-04-25,20:08:46,-07:00,2025-04-25T20:08:46-07:00,0,49
global.js,93,js,02d1a783,Brian Can,2025-04-25,20:08:46,-07:00,2025-04-25T20:08:46-07:00,0,20
global.js,94,js,c2d14731,bcan13,2025-05-02,18:19:10,-07:00,2025-05-02T18:19:10-07:00,0,50
global.js,95,js,c2d14731,bcan13,2025-05-02,18:19:10,-07:00,2025-05-02T18:19:10-07:00,0,50
global.js,96,js,c2d14731,bcan13,2025-05-02,18:19:10,-07:00,2025-05-02T18:19:10-07:00,0,4
global.js,97,js,c2d14731,bcan13,2025-05-02,18:19:10,-07:00,2025-05-02T18:19:10-07:00,0,28
global.js,98,js,c2d14731,bcan13,2025-05-02,18:19:10,-07:00,2025-05-02T18:19:10-07:00,0,21
global.js,99,js,c2d14731,bcan13,2025-05-02,18:19:10,-07:00,2025-05-02T18:19:10-07:00,0,5
global.js,100,js,02d1a783,Brian Can,2025-04-25,20:08:46,-07:00,2025-04-25T20:08:46-07:00,0,1
global.js,101,js,02d1a783,Brian Can,2025-04-25,20:08:46,-07:00,2025-04-25T20:08:46-07:00,0,37
global.js,102,js,02d1a783,Brian Can,2025-04-25,20:08:46,-07:00,2025-04-25T20:08:46-07:00,0,2
global.js,103,js,02d1a783,Brian Can,2025-04-25,20:08:46,-07:00,2025-04-25T20:08:46-07:00,0,0
global.js,104,js,02d1a783,Brian Can,2025-04-25,20:08:46,-07:00,2025-04-25T20:08:46-07:00,0,0
global.js,105,js,02d1a783,Brian Can,2025-04-25,20:08:46,-07:00,2025-04-25T20:08:46-07:00,0,48
global.js,106,js,02d1a783,Brian Can,2025-04-25,20:08:46,-07:00,2025-04-25T20:08:46-07:00,0,60
global.js,107,js,02d1a783,Brian Can,2025-04-25,20:08:46,-07:00,2025-04-25T20:08:46-07:00,0,0
global.js,108,js,d4b8450d,Brian Can,2025-04-18,17:32:32,-07:00,2025-04-18T17:32:32-07:00,0,0
resume\index.html,1,html,e95f2a0d,bcan13,2025-04-03,18:54:06,-07:00,2025-04-03T18:54:06-07:00,0,14
resume\index.html,2,html,e95f2a0d,bcan13,2025-04-03,18:54:06,-07:00,2025-04-03T18:54:06-07:00,0,15
resume\index.html,3,html,e95f2a0d,bcan13,2025-04-03,18:54:06,-07:00,2025-04-03T18:54:06-07:00,0,5
resume\index.html,4,html,e95f2a0d,bcan13,2025-04-03,18:54:06,-07:00,2025-04-03T18:54:06-07:00,0,0
resume\index.html,5,html,e95f2a0d,bcan13,2025-04-03,18:54:06,-07:00,2025-04-03T18:54:06-07:00,0,42
resume\index.html,6,html,e95f2a0d,bcan13,2025-04-03,18:54:06,-07:00,2025-04-03T18:54:06-07:00,0,0
resume\index.html,7,html,e95f2a0d,bcan13,2025-04-03,18:54:06,-07:00,2025-04-03T18:54:06-07:00,0,21
resume\index.html,8,html,e95f2a0d,bcan13,2025-04-03,18:54:06,-07:00,2025-04-03T18:54:06-07:00,0,69
resume\index.html,9,html,e95f2a0d,bcan13,2025-04-03,18:54:06,-07:00,2025-04-03T18:54:06-07:00,0,22
resume\index.html,10,html,d4b8450d,Brian Can,2025-04-18,17:32:32,-07:00,2025-04-18T17:32:32-07:00,0,49
resume\index.html,11,html,d4b8450d,Brian Can,2025-04-18,17:32:32,-07:00,2025-04-18T17:32:32-07:00,0,0
resume\index.html,12,html,e95f2a0d,bcan13,2025-04-03,18:54:06,-07:00,2025-04-03T18:54:06-07:00,0,6
resume\index.html,13,html,e95f2a0d,bcan13,2025-04-03,18:54:06,-07:00,2025-04-03T18:54:06-07:00,0,5
resume\index.html,14,html,e95f2a0d,bcan13,2025-04-03,18:54:06,-07:00,2025-04-03T18:54:06-07:00,0,0
resume\index.html,15,html,e95f2a0d,bcan13,2025-04-03,18:54:06,-07:00,2025-04-03T18:54:06-07:00,0,7
resume\index.html,16,html,e95f2a0d,bcan13,2025-04-03,18:54:06,-07:00,2025-04-03T18:54:06-07:00,0,17
resume\index.html,17,html,e95f2a0d,bcan13,2025-04-03,18:54:06,-07:00,2025-04-03T18:54:06-07:00,0,148
resume\index.html,18,html,e95f2a0d,bcan13,2025-04-03,18:54:06,-07:00,2025-04-03T18:54:06-07:00,0,8
resume\index.html,19,html,e95f2a0d,bcan13,2025-04-03,18:54:06,-07:00,2025-04-03T18:54:06-07:00,0,0
resume\index.html,20,html,e95f2a0d,bcan13,2025-04-03,18:54:06,-07:00,2025-04-03T18:54:06-07:00,0,5
resume\index.html,21,html,e95f2a0d,bcan13,2025-04-03,18:54:06,-07:00,2025-04-03T18:54:06-07:00,0,8
resume\index.html,22,html,e95f2a0d,bcan13,2025-04-03,18:54:06,-07:00,2025-04-03T18:54:06-07:00,0,17
resume\index.html,23,html,e95f2a0d,bcan13,2025-04-03,18:54:06,-07:00,2025-04-03T18:54:06-07:00,0,8
resume\index.html,24,html,e95f2a0d,bcan13,2025-04-03,18:54:06,-07:00,2025-04-03T18:54:06-07:00,0,43
resume\index.html,25,html,e95f2a0d,bcan13,2025-04-03,18:54:06,-07:00,2025-04-03T18:54:06-07:00,0,60
resume\index.html,26,html,e95f2a0d,bcan13,2025-04-03,18:54:06,-07:00,2025-04-03T18:54:06-07:00,0,82
resume\index.html,27,html,e95f2a0d,bcan13,2025-04-03,18:54:06,-07:00,2025-04-03T18:54:06-07:00,0,125
resume\index.html,28,html,e95f2a0d,bcan13,2025-04-03,18:54:06,-07:00,2025-04-03T18:54:06-07:00,0,9
resume\index.html,29,html,e95f2a0d,bcan13,2025-04-03,18:54:06,-07:00,2025-04-03T18:54:06-07:00,0,9
resume\index.html,30,html,e95f2a0d,bcan13,2025-04-03,18:54:06,-07:00,2025-04-03T18:54:06-07:00,0,0
resume\index.html,31,html,e95f2a0d,bcan13,2025-04-03,18:54:06,-07:00,2025-04-03T18:54:06-07:00,0,8
resume\index.html,32,html,e95f2a0d,bcan13,2025-04-03,18:54:06,-07:00,2025-04-03T18:54:06-07:00,0,23
resume\index.html,33,html,e95f2a0d,bcan13,2025-04-03,18:54:06,-07:00,2025-04-03T18:54:06-07:00,0,8
resume\index.html,34,html,e95f2a0d,bcan13,2025-04-03,18:54:06,-07:00,2025-04-03T18:54:06-07:00,0,35
resume\index.html,35,html,e95f2a0d,bcan13,2025-04-03,18:54:06,-07:00,2025-04-03T18:54:06-07:00,0,121
resume\index.html,36,html,e95f2a0d,bcan13,2025-04-03,18:54:06,-07:00,2025-04-03T18:54:06-07:00,0,3
resume\index.html,37,html,e95f2a0d,bcan13,2025-04-03,18:54:06,-07:00,2025-04-03T18:54:06-07:00,0,88
resume\index.html,38,html,e95f2a0d,bcan13,2025-04-03,18:54:06,-07:00,2025-04-03T18:54:06-07:00,0,94
resume\index.html,39,html,e95f2a0d,bcan13,2025-04-03,18:54:06,-07:00,2025-04-03T18:54:06-07:00,0,4
resume\index.html,40,html,e95f2a0d,bcan13,2025-04-03,18:54:06,-07:00,2025-04-03T18:54:06-07:00,0,9
resume\index.html,41,html,e95f2a0d,bcan13,2025-04-03,18:54:06,-07:00,2025-04-03T18:54:06-07:00,0,9
resume\index.html,42,html,e95f2a0d,bcan13,2025-04-03,18:54:06,-07:00,2025-04-03T18:54:06-07:00,0,0
resume\index.html,43,html,e95f2a0d,bcan13,2025-04-03,18:54:06,-07:00,2025-04-03T18:54:06-07:00,0,8
resume\index.html,44,html,e95f2a0d,bcan13,2025-04-03,18:54:06,-07:00,2025-04-03T18:54:06-07:00,0,16
resume\index.html,45,html,e95f2a0d,bcan13,2025-04-03,18:54:06,-07:00,2025-04-03T18:54:06-07:00,0,0
resume\index.html,46,html,e95f2a0d,bcan13,2025-04-03,18:54:06,-07:00,2025-04-03T18:54:06-07:00,0,8
resume\index.html,47,html,e95f2a0d,bcan13,2025-04-03,18:54:06,-07:00,2025-04-03T18:54:06-07:00,0,60
resume\index.html,48,html,e95f2a0d,bcan13,2025-04-03,18:54:06,-07:00,2025-04-03T18:54:06-07:00,0,3
resume\index.html,49,html,e95f2a0d,bcan13,2025-04-03,18:54:06,-07:00,2025-04-03T18:54:06-07:00,0,90
resume\index.html,50,html,e95f2a0d,bcan13,2025-04-03,18:54:06,-07:00,2025-04-03T18:54:06-07:00,0,89
resume\index.html,51,html,e95f2a0d,bcan13,2025-04-03,18:54:06,-07:00,2025-04-03T18:54:06-07:00,0,4
resume\index.html,52,html,e95f2a0d,bcan13,2025-04-03,18:54:06,-07:00,2025-04-03T18:54:06-07:00,0,9
resume\index.html,53,html,e95f2a0d,bcan13,2025-04-03,18:54:06,-07:00,2025-04-03T18:54:06-07:00,0,0
resume\index.html,54,html,e95f2a0d,bcan13,2025-04-03,18:54:06,-07:00,2025-04-03T18:54:06-07:00,0,8
resume\index.html,55,html,e95f2a0d,bcan13,2025-04-03,18:54:06,-07:00,2025-04-03T18:54:06-07:00,0,113
resume\index.html,56,html,e95f2a0d,bcan13,2025-04-03,18:54:06,-07:00,2025-04-03T18:54:06-07:00,0,3
resume\index.html,57,html,e95f2a0d,bcan13,2025-04-03,18:54:06,-07:00,2025-04-03T18:54:06-07:00,0,80
resume\index.html,58,html,e95f2a0d,bcan13,2025-04-03,18:54:06,-07:00,2025-04-03T18:54:06-07:00,0,87
resume\index.html,59,html,e95f2a0d,bcan13,2025-04-03,18:54:06,-07:00,2025-04-03T18:54:06-07:00,0,4
resume\index.html,60,html,e95f2a0d,bcan13,2025-04-03,18:54:06,-07:00,2025-04-03T18:54:06-07:00,0,9
resume\index.html,61,html,e95f2a0d,bcan13,2025-04-03,18:54:06,-07:00,2025-04-03T18:54:06-07:00,0,0
resume\index.html,62,html,e95f2a0d,bcan13,2025-04-03,18:54:06,-07:00,2025-04-03T18:54:06-07:00,0,8
resume\index.html,63,html,e95f2a0d,bcan13,2025-04-03,18:54:06,-07:00,2025-04-03T18:54:06-07:00,0,84
resume\index.html,64,html,e95f2a0d,bcan13,2025-04-03,18:54:06,-07:00,2025-04-03T18:54:06-07:00,0,3
resume\index.html,65,html,e95f2a0d,bcan13,2025-04-03,18:54:06,-07:00,2025-04-03T18:54:06-07:00,0,94
resume\index.html,66,html,e95f2a0d,bcan13,2025-04-03,18:54:06,-07:00,2025-04-03T18:54:06-07:00,0,76
resume\index.html,67,html,e95f2a0d,bcan13,2025-04-03,18:54:06,-07:00,2025-04-03T18:54:06-07:00,0,4
resume\index.html,68,html,e95f2a0d,bcan13,2025-04-03,18:54:06,-07:00,2025-04-03T18:54:06-07:00,0,9
resume\index.html,69,html,e95f2a0d,bcan13,2025-04-03,18:54:06,-07:00,2025-04-03T18:54:06-07:00,0,0
resume\index.html,70,html,e95f2a0d,bcan13,2025-04-03,18:54:06,-07:00,2025-04-03T18:54:06-07:00,0,8
resume\index.html,71,html,e95f2a0d,bcan13,2025-04-03,18:54:06,-07:00,2025-04-03T18:54:06-07:00,0,36
resume\index.html,72,html,e95f2a0d,bcan13,2025-04-03,18:54:06,-07:00,2025-04-03T18:54:06-07:00,0,3
resume\index.html,73,html,e95f2a0d,bcan13,2025-04-03,18:54:06,-07:00,2025-04-03T18:54:06-07:00,0,94
resume\index.html,74,html,e95f2a0d,bcan13,2025-04-03,18:54:06,-07:00,2025-04-03T18:54:06-07:00,0,91
resume\index.html,75,html,e95f2a0d,bcan13,2025-04-03,18:54:06,-07:00,2025-04-03T18:54:06-07:00,0,4
resume\index.html,76,html,e95f2a0d,bcan13,2025-04-03,18:54:06,-07:00,2025-04-03T18:54:06-07:00,0,9
resume\index.html,77,html,e95f2a0d,bcan13,2025-04-03,18:54:06,-07:00,2025-04-03T18:54:06-07:00,0,9
resume\index.html,78,html,e95f2a0d,bcan13,2025-04-03,18:54:06,-07:00,2025-04-03T18:54:06-07:00,0,0
resume\index.html,79,html,e95f2a0d,bcan13,2025-04-03,18:54:06,-07:00,2025-04-03T18:54:06-07:00,0,8
resume\index.html,80,html,e95f2a0d,bcan13,2025-04-03,18:54:06,-07:00,2025-04-03T18:54:06-07:00,0,24
resume\index.html,81,html,e95f2a0d,bcan13,2025-04-03,18:54:06,-07:00,2025-04-03T18:54:06-07:00,0,3
resume\index.html,82,html,e95f2a0d,bcan13,2025-04-03,18:54:06,-07:00,2025-04-03T18:54:06-07:00,0,91
resume\index.html,83,html,e95f2a0d,bcan13,2025-04-03,18:54:06,-07:00,2025-04-03T18:54:06-07:00,0,96
resume\index.html,84,html,e95f2a0d,bcan13,2025-04-03,18:54:06,-07:00,2025-04-03T18:54:06-07:00,0,99
resume\index.html,85,html,e95f2a0d,bcan13,2025-04-03,18:54:06,-07:00,2025-04-03T18:54:06-07:00,0,4
resume\index.html,86,html,e95f2a0d,bcan13,2025-04-03,18:54:06,-07:00,2025-04-03T18:54:06-07:00,0,9
resume\index.html,87,html,e95f2a0d,bcan13,2025-04-03,18:54:06,-07:00,2025-04-03T18:54:06-07:00,0,6
resume\index.html,88,html,e95f2a0d,bcan13,2025-04-03,18:54:06,-07:00,2025-04-03T18:54:06-07:00,0,0
resume\index.html,89,html,e95f2a0d,bcan13,2025-04-03,18:54:06,-07:00,2025-04-03T18:54:06-07:00,0,0
resume\index.html,90,html,e95f2a0d,bcan13,2025-04-03,18:54:06,-07:00,2025-04-03T18:54:06-07:00,0,6
resume\index.html,91,html,e95f2a0d,bcan13,2025-04-03,18:54:06,-07:00,2025-04-03T18:54:06-07:00,0,6
projects\projects.js,1,js,02d1a783,Brian Can,2025-04-25,20:08:46,-07:00,2025-04-25T20:08:46-07:00,0,56
projects\projects.js,2,js,c2d14731,bcan13,2025-05-02,18:19:10,-07:00,2025-05-02T18:19:10-07:00,0,64
projects\projects.js,3,js,02d1a783,Brian Can,2025-04-25,20:08:46,-07:00,2025-04-25T20:08:46-07:00,0,0
projects\projects.js,4,js,02d1a783,Brian Can,2025-04-25,20:08:46,-07:00,2025-04-25T20:08:46-07:00,0,56
projects\projects.js,5,js,02d1a783,Brian Can,2025-04-25,20:08:46,-07:00,2025-04-25T20:08:46-07:00,0,0
projects\projects.js,6,js,02d1a783,Brian Can,2025-04-25,20:08:46,-07:00,2025-04-25T20:08:46-07:00,0,61
projects\projects.js,7,js,02d1a783,Brian Can,2025-04-25,20:08:46,-07:00,2025-04-25T20:08:46-07:00,0,0
projects\projects.js,8,js,02d1a783,Brian Can,2025-04-25,20:08:46,-07:00,2025-04-25T20:08:46-07:00,0,49
projects\projects.js,9,js,02d1a783,Brian Can,2025-04-25,20:08:46,-07:00,2025-04-25T20:08:46-07:00,0,0
projects\projects.js,10,js,02d1a783,Brian Can,2025-04-25,20:08:46,-07:00,2025-04-25T20:08:46-07:00,0,63
projects\projects.js,11,js,02d1a783,Brian Can,2025-04-25,20:08:46,-07:00,2025-04-25T20:08:46-07:00,0,19
projects\projects.js,12,js,02d1a783,Brian Can,2025-04-25,20:08:46,-07:00,2025-04-25T20:08:46-07:00,0,57
projects\projects.js,13,js,c2d14731,bcan13,2025-05-02,18:19:10,-07:00,2025-05-02T18:19:10-07:00,0,0
projects\projects.js,14,js,c2d14731,bcan13,2025-05-02,18:19:10,-07:00,2025-05-02T18:19:10-07:00,0,0
projects\projects.js,15,js,c2d14731,bcan13,2025-05-02,18:19:10,-07:00,2025-05-02T18:19:10-07:00,0,71
projects\projects.js,16,js,c2d14731,bcan13,2025-05-02,18:19:10,-07:00,2025-05-02T18:19:10-07:00,0,0
projects\projects.js,17,js,c2d14731,bcan13,2025-05-02,18:19:10,-07:00,2025-05-02T18:19:10-07:00,0,41
projects\projects.js,18,js,c2d14731,bcan13,2025-05-02,18:19:10,-07:00,2025-05-02T18:19:10-07:00,0,39
projects\projects.js,19,js,c2d14731,bcan13,2025-05-02,18:19:10,-07:00,2025-05-02T18:19:10-07:00,0,0
projects\projects.js,20,js,c2d14731,bcan13,2025-05-02,18:19:10,-07:00,2025-05-02T18:19:10-07:00,0,26
projects\projects.js,21,js,c2d14731,bcan13,2025-05-02,18:19:10,-07:00,2025-05-02T18:19:10-07:00,0,30
projects\projects.js,22,js,c2d14731,bcan13,2025-05-02,18:19:10,-07:00,2025-05-02T18:19:10-07:00,0,0
projects\projects.js,23,js,c2d14731,bcan13,2025-05-02,18:19:10,-07:00,2025-05-02T18:19:10-07:00,0,33
projects\projects.js,24,js,c2d14731,bcan13,2025-05-02,18:19:10,-07:00,2025-05-02T18:19:10-07:00,0,31
projects\projects.js,25,js,c2d14731,bcan13,2025-05-02,18:19:10,-07:00,2025-05-02T18:19:10-07:00,0,0
projects\projects.js,26,js,c2d14731,bcan13,2025-05-02,18:19:10,-07:00,2025-05-02T18:19:10-07:00,0,25
projects\projects.js,27,js,c2d14731,bcan13,2025-05-02,18:19:10,-07:00,2025-05-02T18:19:10-07:00,0,30
projects\projects.js,28,js,c2d14731,bcan13,2025-05-02,18:19:10,-07:00,2025-05-02T18:19:10-07:00,0,13
projects\projects.js,29,js,c2d14731,bcan13,2025-05-02,18:19:10,-07:00,2025-05-02T18:19:10-07:00,0,15
projects\projects.js,30,js,c2d14731,bcan13,2025-05-02,18:19:10,-07:00,2025-05-02T18:19:10-07:00,0,12
projects\projects.js,31,js,c2d14731,bcan13,2025-05-02,18:19:10,-07:00,2025-05-02T18:19:10-07:00,0,1
projects\projects.js,32,js,c2d14731,bcan13,2025-05-02,18:19:10,-07:00,2025-05-02T18:19:10-07:00,0,0
projects\projects.js,33,js,c2d14731,bcan13,2025-05-02,18:19:10,-07:00,2025-05-02T18:19:10-07:00,0,18
projects\projects.js,34,js,c2d14731,bcan13,2025-05-02,18:19:10,-07:00,2025-05-02T18:19:10-07:00,0,51
projects\projects.js,35,js,c2d14731,bcan13,2025-05-02,18:19:10,-07:00,2025-05-02T18:19:10-07:00,0,36
projects\projects.js,36,js,c2d14731,bcan13,2025-05-02,18:19:10,-07:00,2025-05-02T18:19:10-07:00,0,2
projects\projects.js,37,js,c2d14731,bcan13,2025-05-02,18:19:10,-07:00,2025-05-02T18:19:10-07:00,0,0
projects\projects.js,38,js,c2d14731,bcan13,2025-05-02,18:19:10,-07:00,2025-05-02T18:19:10-07:00,0,49
projects\projects.js,39,js,c2d14731,bcan13,2025-05-02,18:19:10,-07:00,2025-05-02T18:19:10-07:00,0,54
projects\projects.js,40,js,c2d14731,bcan13,2025-05-02,18:19:10,-07:00,2025-05-02T18:19:10-07:00,0,43
projects\projects.js,41,js,c2d14731,bcan13,2025-05-02,18:19:10,-07:00,2025-05-02T18:19:10-07:00,0,0
projects\projects.js,42,js,c2d14731,bcan13,2025-05-02,18:19:10,-07:00,2025-05-02T18:19:10-07:00,0,28
projects\projects.js,43,js,c2d14731,bcan13,2025-05-02,18:19:10,-07:00,2025-05-02T18:19:10-07:00,0,14
projects\projects.js,44,js,c2d14731,bcan13,2025-05-02,18:19:10,-07:00,2025-05-02T18:19:10-07:00,0,16
projects\projects.js,45,js,c2d14731,bcan13,2025-05-02,18:19:10,-07:00,2025-05-02T18:19:10-07:00,0,0
projects\projects.js,46,js,c2d14731,bcan13,2025-05-02,18:19:10,-07:00,2025-05-02T18:19:10-07:00,0,48
projects\projects.js,47,js,c2d14731,bcan13,2025-05-02,18:19:10,-07:00,2025-05-02T18:19:10-07:00,0,0
projects\projects.js,48,js,c2d14731,bcan13,2025-05-02,18:19:10,-07:00,2025-05-02T18:19:10-07:00,0,28
projects\projects.js,49,js,c2d14731,bcan13,2025-05-02,18:19:10,-07:00,2025-05-02T18:19:10-07:00,0,31
projects\projects.js,50,js,c2d14731,bcan13,2025-05-02,18:19:10,-07:00,2025-05-02T18:19:10-07:00,0,17
projects\projects.js,51,js,c2d14731,bcan13,2025-05-02,18:19:10,-07:00,2025-05-02T18:19:10-07:00,0,28
projects\projects.js,52,js,c2d14731,bcan13,2025-05-02,18:19:10,-07:00,2025-05-02T18:19:10-07:00,0,23
projects\projects.js,53,js,c2d14731,bcan13,2025-05-02,18:19:10,-07:00,2025-05-02T18:19:10-07:00,0,90
projects\projects.js,54,js,c2d14731,bcan13,2025-05-02,18:19:10,-07:00,2025-05-02T18:19:10-07:00,0,19
projects\projects.js,55,js,c2d14731,bcan13,2025-05-02,18:19:10,-07:00,2025-05-02T18:19:10-07:00,0,22
projects\projects.js,56,js,c2d14731,bcan13,2025-05-02,18:19:10,-07:00,2025-05-02T18:19:10-07:00,0,44
projects\projects.js,57,js,c2d14731,bcan13,2025-05-02,18:19:10,-07:00,2025-05-02T18:19:10-07:00,0,0
projects\projects.js,58,js,c2d14731,bcan13,2025-05-02,18:19:10,-07:00,2025-05-02T18:19:10-07:00,0,44
projects\projects.js,59,js,c2d14731,bcan13,2025-05-02,18:19:10,-07:00,2025-05-02T18:19:10-07:00,0,26
projects\projects.js,60,js,c2d14731,bcan13,2025-05-02,18:19:10,-07:00,2025-05-02T18:19:10-07:00,0,35
projects\projects.js,61,js,c2d14731,bcan13,2025-05-02,18:19:10,-07:00,2025-05-02T18:19:10-07:00,0,49
projects\projects.js,62,js,c2d14731,bcan13,2025-05-02,18:19:10,-07:00,2025-05-02T18:19:10-07:00,0,7
projects\projects.js,63,js,c2d14731,bcan13,2025-05-02,18:19:10,-07:00,2025-05-02T18:19:10-07:00,0,38
projects\projects.js,64,js,c2d14731,bcan13,2025-05-02,18:19:10,-07:00,2025-05-02T18:19:10-07:00,0,49
projects\projects.js,65,js,c2d14731,bcan13,2025-05-02,18:19:10,-07:00,2025-05-02T18:19:10-07:00,0,40
projects\projects.js,66,js,c2d14731,bcan13,2025-05-02,18:19:10,-07:00,2025-05-02T18:19:10-07:00,0,41
projects\projects.js,67,js,c2d14731,bcan13,2025-05-02,18:19:10,-07:00,2025-05-02T18:19:10-07:00,0,1
projects\projects.js,68,js,c2d14731,bcan13,2025-05-02,18:19:10,-07:00,2025-05-02T18:19:10-07:00,0,57
projects\projects.js,69,js,c2d14731,bcan13,2025-05-02,18:19:10,-07:00,2025-05-02T18:19:10-07:00,0,0
projects\projects.js,70,js,c2d14731,bcan13,2025-05-02,18:19:10,-07:00,2025-05-02T18:19:10-07:00,0,0
projects\projects.js,71,js,c2d14731,bcan13,2025-05-02,18:19:10,-07:00,2025-05-02T18:19:10-07:00,0,22
projects\projects.js,72,js,c2d14731,bcan13,2025-05-02,18:19:10,-07:00,2025-05-02T18:19:10-07:00,0,20
projects\projects.js,73,js,c2d14731,bcan13,2025-05-02,18:19:10,-07:00,2025-05-02T18:19:10-07:00,0,69
projects\projects.js,74,js,c2d14731,bcan13,2025-05-02,18:19:10,-07:00,2025-05-02T18:19:10-07:00,0,0
projects\projects.js,75,js,c2d14731,bcan13,2025-05-02,18:19:10,-07:00,2025-05-02T18:19:10-07:00,0,19
projects\projects.js,76,js,c2d14731,bcan13,2025-05-02,18:19:10,-07:00,2025-05-02T18:19:10-07:00,0,21
projects\projects.js,77,js,c2d14731,bcan13,2025-05-02,18:19:10,-07:00,2025-05-02T18:19:10-07:00,0,69
projects\projects.js,78,js,c2d14731,bcan13,2025-05-02,18:19:10,-07:00,2025-05-02T18:19:10-07:00,0,2
projects\projects.js,79,js,c2d14731,bcan13,2025-05-02,18:19:10,-07:00,2025-05-02T18:19:10-07:00,0,2
projects\projects.js,80,js,c2d14731,bcan13,2025-05-02,18:19:10,-07:00,2025-05-02T18:19:10-07:00,0,0
projects\projects.js,81,js,c2d14731,bcan13,2025-05-02,18:19:10,-07:00,2025-05-02T18:19:10-07:00,0,19
projects\projects.js,82,js,c2d14731,bcan13,2025-05-02,18:19:10,-07:00,2025-05-02T18:19:10-07:00,0,26
projects\projects.js,83,js,c2d14731,bcan13,2025-05-02,18:19:10,-07:00,2025-05-02T18:19:10-07:00,0,18
projects\projects.js,84,js,c2d14731,bcan13,2025-05-02,18:19:10,-07:00,2025-05-02T18:19:10-07:00,0,37
projects\projects.js,85,js,c2d14731,bcan13,2025-05-02,18:19:10,-07:00,2025-05-02T18:19:10-07:00,0,90
projects\projects.js,86,js,c2d14731,bcan13,2025-05-02,18:19:10,-07:00,2025-05-02T18:19:10-07:00,0,69
projects\projects.js,87,js,c2d14731,bcan13,2025-05-02,18:19:10,-07:00,2025-05-02T18:19:10-07:00,0,19
projects\projects.js,88,js,c2d14731,bcan13,2025-05-02,18:19:10,-07:00,2025-05-02T18:19:10-07:00,0,22
projects\projects.js,89,js,c2d14731,bcan13,2025-05-02,18:19:10,-07:00,2025-05-02T18:19:10-07:00,0,44
projects\projects.js,90,js,c2d14731,bcan13,2025-05-02,18:19:10,-07:00,2025-05-02T18:19:10-07:00,0,0
projects\projects.js,91,js,c2d14731,bcan13,2025-05-02,18:19:10,-07:00,2025-05-02T18:19:10-07:00,0,44
projects\projects.js,92,js,c2d14731,bcan13,2025-05-02,18:19:10,-07:00,2025-05-02T18:19:10-07:00,0,26
projects\projects.js,93,js,c2d14731,bcan13,2025-05-02,18:19:10,-07:00,2025-05-02T18:19:10-07:00,0,35
projects\projects.js,94,js,c2d14731,bcan13,2025-05-02,18:19:10,-07:00,2025-05-02T18:19:10-07:00,0,49
projects\projects.js,95,js,c2d14731,bcan13,2025-05-02,18:19:10,-07:00,2025-05-02T18:19:10-07:00,0,7
projects\projects.js,96,js,c2d14731,bcan13,2025-05-02,18:19:10,-07:00,2025-05-02T18:19:10-07:00,0,38
projects\projects.js,97,js,c2d14731,bcan13,2025-05-02,18:19:10,-07:00,2025-05-02T18:19:10-07:00,0,49
projects\projects.js,98,js,c2d14731,bcan13,2025-05-02,18:19:10,-07:00,2025-05-02T18:19:10-07:00,0,40
projects\projects.js,99,js,c2d14731,bcan13,2025-05-02,18:19:10,-07:00,2025-05-02T18:19:10-07:00,0,41
projects\projects.js,100,js,c2d14731,bcan13,2025-05-02,18:19:10,-07:00,2025-05-02T18:19:10-07:00,0,1
projects\projects.js,101,js,c2d14731,bcan13,2025-05-02,18:19:10,-07:00,2025-05-02T18:19:10-07:00,0,57
projects\projects.js,102,js,c2d14731,bcan13,2025-05-02,18:19:10,-07:00,2025-05-02T18:19:10-07:00,0,0
projects\projects.js,103,js,c2d14731,bcan13,2025-05-02,18:19:10,-07:00,2025-05-02T18:19:10-07:00,0,0
projects\projects.js,104,js,c2d14731,bcan13,2025-05-02,18:19:10,-07:00,2025-05-02T18:19:10-07:00,0,22
projects\projects.js,105,js,c2d14731,bcan13,2025-05-02,18:19:10,-07:00,2025-05-02T18:19:10-07:00,0,20
projects\projects.js,106,js,c2d14731,bcan13,2025-05-02,18:19:10,-07:00,2025-05-02T18:19:10-07:00,0,69
projects\projects.js,107,js,c2d14731,bcan13,2025-05-02,18:19:10,-07:00,2025-05-02T18:19:10-07:00,0,0
projects\projects.js,108,js,c2d14731,bcan13,2025-05-02,18:19:10,-07:00,2025-05-02T18:19:10-07:00,0,19
projects\projects.js,109,js,c2d14731,bcan13,2025-05-02,18:19:10,-07:00,2025-05-02T18:19:10-07:00,0,21
projects\projects.js,110,js,c2d14731,bcan13,2025-05-02,18:19:10,-07:00,2025-05-02T18:19:10-07:00,0,69
projects\projects.js,111,js,c2d14731,bcan13,2025-05-02,18:19:10,-07:00,2025-05-02T18:19:10-07:00,0,2
projects\projects.js,112,js,c2d14731,bcan13,2025-05-02,18:19:10,-07:00,2025-05-02T18:19:10-07:00,0,2
projects\projects.js,113,js,c2d14731,bcan13,2025-05-02,18:19:10,-07:00,2025-05-02T18:19:10-07:00,0,0
projects\projects.js,114,js,c2d14731,bcan13,2025-05-02,18:19:10,-07:00,2025-05-02T18:19:10-07:00,0,0
projects\projects.js,115,js,c2d14731,bcan13,2025-05-02,18:19:10,-07:00,2025-05-02T18:19:10-07:00,0,33
projects\projects.js,116,js,c2d14731,bcan13,2025-05-02,18:19:10,-07:00,2025-05-02T18:19:10-07:00,0,24
projects\projects.js,117,js,c2d14731,bcan13,2025-05-02,18:19:10,-07:00,2025-05-02T18:19:10-07:00,0,0
projects\projects.js,118,js,c2d14731,bcan13,2025-05-02,18:19:10,-07:00,2025-05-02T18:19:10-07:00,0,14
projects\projects.js,119,js,c2d14731,bcan13,2025-05-02,18:19:10,-07:00,2025-05-02T18:19:10-07:00,0,54
projects\projects.js,120,js,c2d14731,bcan13,2025-05-02,18:19:10,-07:00,2025-05-02T18:19:10-07:00,0,49
projects\projects.js,121,js,c2d14731,bcan13,2025-05-02,18:19:10,-07:00,2025-05-02T18:19:10-07:00,0,20
projects\projects.js,122,js,c2d14731,bcan13,2025-05-02,18:19:10,-07:00,2025-05-02T18:19:10-07:00,0,26
projects\projects.js,123,js,c2d14731,bcan13,2025-05-02,18:19:10,-07:00,2025-05-02T18:19:10-07:00,0,0
projects\projects.js,124,js,c2d14731,bcan13,2025-05-02,18:19:10,-07:00,2025-05-02T18:19:10-07:00,0,17
projects\projects.js,125,js,c2d14731,bcan13,2025-05-02,18:19:10,-07:00,2025-05-02T18:19:10-07:00,0,52
projects\projects.js,126,js,c2d14731,bcan13,2025-05-02,18:19:10,-07:00,2025-05-02T18:19:10-07:00,0,60
projects\projects.js,127,js,c2d14731,bcan13,2025-05-02,18:19:10,-07:00,2025-05-02T18:19:10-07:00,0,43
projects\projects.js,128,js,c2d14731,bcan13,2025-05-02,18:19:10,-07:00,2025-05-02T18:19:10-07:00,0,2
projects\projects.js,129,js,c2d14731,bcan13,2025-05-02,18:19:10,-07:00,2025-05-02T18:19:10-07:00,0,0
projects\projects.js,130,js,c2d14731,bcan13,2025-05-02,18:19:10,-07:00,2025-05-02T18:19:10-07:00,0,34
projects\projects.js,131,js,c2d14731,bcan13,2025-05-02,18:19:10,-07:00,2025-05-02T18:19:10-07:00,0,57
projects\projects.js,132,js,c2d14731,bcan13,2025-05-02,18:19:10,-07:00,2025-05-02T18:19:10-07:00,0,32
projects\projects.js,133,js,c2d14731,bcan13,2025-05-02,18:19:10,-07:00,2025-05-02T18:19:10-07:00,0,2
projects\index.html,1,html,e95f2a0d,bcan13,2025-04-03,18:54:06,-07:00,2025-04-03T18:54:06-07:00,0,14
projects\index.html,2,html,e95f2a0d,bcan13,2025-04-03,18:54:06,-07:00,2025-04-03T18:54:06-07:00,0,15
projects\index.html,3,html,e95f2a0d,bcan13,2025-04-03,18:54:06,-07:00,2025-04-03T18:54:06-07:00,0,5
projects\index.html,4,html,e95f2a0d,bcan13,2025-04-03,18:54:06,-07:00,2025-04-03T18:54:06-07:00,0,0
projects\index.html,5,html,e95f2a0d,bcan13,2025-04-03,18:54:06,-07:00,2025-04-03T18:54:06-07:00,0,42
projects\index.html,6,html,e95f2a0d,bcan13,2025-04-03,18:54:06,-07:00,2025-04-03T18:54:06-07:00,0,0
projects\index.html,7,html,e95f2a0d,bcan13,2025-04-03,18:54:06,-07:00,2025-04-03T18:54:06-07:00,0,21
projects\index.html,8,html,e95f2a0d,bcan13,2025-04-03,18:54:06,-07:00,2025-04-03T18:54:06-07:00,0,69
projects\index.html,9,html,e95f2a0d,bcan13,2025-04-03,18:54:06,-07:00,2025-04-03T18:54:06-07:00,0,33
projects\index.html,10,html,d4b8450d,Brian Can,2025-04-18,17:32:32,-07:00,2025-04-18T17:32:32-07:00,0,49
projects\index.html,11,html,02d1a783,Brian Can,2025-04-25,20:08:46,-07:00,2025-04-25T20:08:46-07:00,0,48
projects\index.html,12,html,d4b8450d,Brian Can,2025-04-18,17:32:32,-07:00,2025-04-18T17:32:32-07:00,0,0
projects\index.html,13,html,e95f2a0d,bcan13,2025-04-03,18:54:06,-07:00,2025-04-03T18:54:06-07:00,0,6
projects\index.html,14,html,e95f2a0d,bcan13,2025-04-03,18:54:06,-07:00,2025-04-03T18:54:06-07:00,0,5
projects\index.html,15,html,e95f2a0d,bcan13,2025-04-03,18:54:06,-07:00,2025-04-03T18:54:06-07:00,0,0
projects\index.html,16,html,02d1a783,Brian Can,2025-04-25,20:08:46,-07:00,2025-04-25T20:08:46-07:00,0,26
projects\index.html,17,html,e95f2a0d,bcan13,2025-04-03,18:54:06,-07:00,2025-04-03T18:54:06-07:00,0,7
projects\index.html,18,html,e95f2a0d,bcan13,2025-04-03,18:54:06,-07:00,2025-04-03T18:54:06-07:00,0,4
projects\index.html,19,html,c2d14731,bcan13,2025-05-02,18:19:10,-07:00,2025-05-02T18:19:10-07:00,0,0
projects\index.html,20,html,c2d14731,bcan13,2025-05-02,18:19:10,-07:00,2025-05-02T18:19:10-07:00,0,22
projects\index.html,21,html,c2d14731,bcan13,2025-05-02,18:19:10,-07:00,2025-05-02T18:19:10-07:00,0,55
projects\index.html,22,html,c2d14731,bcan13,2025-05-02,18:19:10,-07:00,2025-05-02T18:19:10-07:00,0,23
projects\index.html,23,html,c2d14731,bcan13,2025-05-02,18:19:10,-07:00,2025-05-02T18:19:10-07:00,0,5
projects\index.html,24,html,c2d14731,bcan13,2025-05-02,18:19:10,-07:00,2025-05-02T18:19:10-07:00,0,0
projects\index.html,25,html,c2d14731,bcan13,2025-05-02,18:19:10,-07:00,2025-05-02T18:19:10-07:00,0,5
projects\index.html,26,html,c2d14731,bcan13,2025-05-02,18:19:10,-07:00,2025-05-02T18:19:10-07:00,0,16
projects\index.html,27,html,c2d14731,bcan13,2025-05-02,18:19:10,-07:00,2025-05-02T18:19:10-07:00,0,12
projects\index.html,28,html,c2d14731,bcan13,2025-05-02,18:19:10,-07:00,2025-05-02T18:19:10-07:00,0,27
projects\index.html,29,html,c2d14731,bcan13,2025-05-02,18:19:10,-07:00,2025-05-02T18:19:10-07:00,0,32
projects\index.html,30,html,c2d14731,bcan13,2025-05-02,18:19:10,-07:00,2025-05-02T18:19:10-07:00,0,1
projects\index.html,31,html,e95f2a0d,bcan13,2025-04-03,18:54:06,-07:00,2025-04-03T18:54:06-07:00,0,0
projects\index.html,32,html,61a49520,Brian Can,2025-04-10,23:23:23,-07:00,2025-04-10T23:23:23-07:00,0,21
projects\index.html,33,html,02d1a783,Brian Can,2025-04-25,20:08:46,-07:00,2025-04-25T20:08:46-07:00,0,13
projects\index.html,34,html,61a49520,Brian Can,2025-04-10,23:23:23,-07:00,2025-04-10T23:23:23-07:00,0,30
projects\index.html,35,html,61a49520,Brian Can,2025-04-10,23:23:23,-07:00,2025-04-10T23:23:23-07:00,0,71
projects\index.html,36,html,61a49520,Brian Can,2025-04-10,23:23:23,-07:00,2025-04-10T23:23:23-07:00,0,238
projects\index.html,37,html,61a49520,Brian Can,2025-04-10,23:23:23,-07:00,2025-04-10T23:23:23-07:00,0,9
projects\index.html,38,html,61a49520,Brian Can,2025-04-10,23:23:23,-07:00,2025-04-10T23:23:23-07:00,0,8
projects\index.html,39,html,61a49520,Brian Can,2025-04-10,23:23:23,-07:00,2025-04-10T23:23:23-07:00,0,28
projects\index.html,40,html,61a49520,Brian Can,2025-04-10,23:23:23,-07:00,2025-04-10T23:23:23-07:00,0,71
projects\index.html,41,html,61a49520,Brian Can,2025-04-10,23:23:23,-07:00,2025-04-10T23:23:23-07:00,0,214
projects\index.html,42,html,61a49520,Brian Can,2025-04-10,23:23:23,-07:00,2025-04-10T23:23:23-07:00,0,9
projects\index.html,43,html,61a49520,Brian Can,2025-04-10,23:23:23,-07:00,2025-04-10T23:23:23-07:00,0,8
projects\index.html,44,html,61a49520,Brian Can,2025-04-10,23:23:23,-07:00,2025-04-10T23:23:23-07:00,0,30
projects\index.html,45,html,61a49520,Brian Can,2025-04-10,23:23:23,-07:00,2025-04-10T23:23:23-07:00,0,71
projects\index.html,46,html,61a49520,Brian Can,2025-04-10,23:23:23,-07:00,2025-04-10T23:23:23-07:00,0,254
projects\index.html,47,html,61a49520,Brian Can,2025-04-10,23:23:23,-07:00,2025-04-10T23:23:23-07:00,0,9
projects\index.html,48,html,61a49520,Brian Can,2025-04-10,23:23:23,-07:00,2025-04-10T23:23:23-07:00,0,8
projects\index.html,49,html,61a49520,Brian Can,2025-04-10,23:23:23,-07:00,2025-04-10T23:23:23-07:00,0,41
projects\index.html,50,html,61a49520,Brian Can,2025-04-10,23:23:23,-07:00,2025-04-10T23:23:23-07:00,0,71
projects\index.html,51,html,61a49520,Brian Can,2025-04-10,23:23:23,-07:00,2025-04-10T23:23:23-07:00,0,226
projects\index.html,52,html,61a49520,Brian Can,2025-04-10,23:23:23,-07:00,2025-04-10T23:23:23-07:00,0,9
projects\index.html,53,html,61a49520,Brian Can,2025-04-10,23:23:23,-07:00,2025-04-10T23:23:23-07:00,0,8
projects\index.html,54,html,61a49520,Brian Can,2025-04-10,23:23:23,-07:00,2025-04-10T23:23:23-07:00,0,50
projects\index.html,55,html,61a49520,Brian Can,2025-04-10,23:23:23,-07:00,2025-04-10T23:23:23-07:00,0,71
projects\index.html,56,html,61a49520,Brian Can,2025-04-10,23:23:23,-07:00,2025-04-10T23:23:23-07:00,0,223
projects\index.html,57,html,61a49520,Brian Can,2025-04-10,23:23:23,-07:00,2025-04-10T23:23:23-07:00,0,9
projects\index.html,58,html,61a49520,Brian Can,2025-04-10,23:23:23,-07:00,2025-04-10T23:23:23-07:00,0,8
projects\index.html,59,html,61a49520,Brian Can,2025-04-10,23:23:23,-07:00,2025-04-10T23:23:23-07:00,0,33
projects\index.html,60,html,61a49520,Brian Can,2025-04-10,23:23:23,-07:00,2025-04-10T23:23:23-07:00,0,71
projects\index.html,61,html,61a49520,Brian Can,2025-04-10,23:23:23,-07:00,2025-04-10T23:23:23-07:00,0,218
projects\index.html,62,html,61a49520,Brian Can,2025-04-10,23:23:23,-07:00,2025-04-10T23:23:23-07:00,0,9
projects\index.html,63,html,61a49520,Brian Can,2025-04-10,23:23:23,-07:00,2025-04-10T23:23:23-07:00,0,8
projects\index.html,64,html,61a49520,Brian Can,2025-04-10,23:23:23,-07:00,2025-04-10T23:23:23-07:00,0,39
projects\index.html,65,html,61a49520,Brian Can,2025-04-10,23:23:23,-07:00,2025-04-10T23:23:23-07:00,0,71
projects\index.html,66,html,61a49520,Brian Can,2025-04-10,23:23:23,-07:00,2025-04-10T23:23:23-07:00,0,237
projects\index.html,67,html,61a49520,Brian Can,2025-04-10,23:23:23,-07:00,2025-04-10T23:23:23-07:00,0,9
projects\index.html,68,html,61a49520,Brian Can,2025-04-10,23:23:23,-07:00,2025-04-10T23:23:23-07:00,0,8
projects\index.html,69,html,61a49520,Brian Can,2025-04-10,23:23:23,-07:00,2025-04-10T23:23:23-07:00,0,35
projects\index.html,70,html,61a49520,Brian Can,2025-04-10,23:23:23,-07:00,2025-04-10T23:23:23-07:00,0,71
projects\index.html,71,html,61a49520,Brian Can,2025-04-10,23:23:23,-07:00,2025-04-10T23:23:23-07:00,0,198
projects\index.html,72,html,61a49520,Brian Can,2025-04-10,23:23:23,-07:00,2025-04-10T23:23:23-07:00,0,9
projects\index.html,73,html,61a49520,Brian Can,2025-04-10,23:23:23,-07:00,2025-04-10T23:23:23-07:00,0,8
projects\index.html,74,html,61a49520,Brian Can,2025-04-10,23:23:23,-07:00,2025-04-10T23:23:23-07:00,0,34
projects\index.html,75,html,61a49520,Brian Can,2025-04-10,23:23:23,-07:00,2025-04-10T23:23:23-07:00,0,71
projects\index.html,76,html,61a49520,Brian Can,2025-04-10,23:23:23,-07:00,2025-04-10T23:23:23-07:00,0,221
projects\index.html,77,html,61a49520,Brian Can,2025-04-10,23:23:23,-07:00,2025-04-10T23:23:23-07:00,0,9
projects\index.html,78,html,61a49520,Brian Can,2025-04-10,23:23:23,-07:00,2025-04-10T23:23:23-07:00,0,8
projects\index.html,79,html,61a49520,Brian Can,2025-04-10,23:23:23,-07:00,2025-04-10T23:23:23-07:00,0,31
projects\index.html,80,html,61a49520,Brian Can,2025-04-10,23:23:23,-07:00,2025-04-10T23:23:23-07:00,0,71
projects\index.html,81,html,61a49520,Brian Can,2025-04-10,23:23:23,-07:00,2025-04-10T23:23:23-07:00,0,232
projects\index.html,82,html,61a49520,Brian Can,2025-04-10,23:23:23,-07:00,2025-04-10T23:23:23-07:00,0,9
projects\index.html,83,html,61a49520,Brian Can,2025-04-10,23:23:23,-07:00,2025-04-10T23:23:23-07:00,0,8
projects\index.html,84,html,61a49520,Brian Can,2025-04-10,23:23:23,-07:00,2025-04-10T23:23:23-07:00,0,54
projects\index.html,85,html,61a49520,Brian Can,2025-04-10,23:23:23,-07:00,2025-04-10T23:23:23-07:00,0,71
projects\index.html,86,html,61a49520,Brian Can,2025-04-10,23:23:23,-07:00,2025-04-10T23:23:23-07:00,0,247
projects\index.html,87,html,61a49520,Brian Can,2025-04-10,23:23:23,-07:00,2025-04-10T23:23:23-07:00,0,9
projects\index.html,88,html,61a49520,Brian Can,2025-04-10,23:23:23,-07:00,2025-04-10T23:23:23-07:00,0,8
projects\index.html,89,html,61a49520,Brian Can,2025-04-10,23:23:23,-07:00,2025-04-10T23:23:23-07:00,0,48
projects\index.html,90,html,61a49520,Brian Can,2025-04-10,23:23:23,-07:00,2025-04-10T23:23:23-07:00,0,71
projects\index.html,91,html,61a49520,Brian Can,2025-04-10,23:23:23,-07:00,2025-04-10T23:23:23-07:00,0,206
projects\index.html,92,html,02d1a783,Brian Can,2025-04-25,20:08:46,-07:00,2025-04-25T20:08:46-07:00,0,13
projects\index.html,93,html,61a49520,Brian Can,2025-04-10,23:23:23,-07:00,2025-04-10T23:23:23-07:00,0,5
projects\index.html,94,html,61a49520,Brian Can,2025-04-10,23:23:23,-07:00,2025-04-10T23:23:23-07:00,0,0
projects\index.html,95,html,e95f2a0d,bcan13,2025-04-03,18:54:06,-07:00,2025-04-03T18:54:06-07:00,0,6
projects\index.html,96,html,e95f2a0d,bcan13,2025-04-03,18:54:06,-07:00,2025-04-03T18:54:06-07:00,0,6
contact\index.html,1,html,e95f2a0d,bcan13,2025-04-03,18:54:06,-07:00,2025-04-03T18:54:06-07:00,0,14
contact\index.html,2,html,e95f2a0d,bcan13,2025-04-03,18:54:06,-07:00,2025-04-03T18:54:06-07:00,0,15
contact\index.html,3,html,e95f2a0d,bcan13,2025-04-03,18:54:06,-07:00,2025-04-03T18:54:06-07:00,0,5
contact\index.html,4,html,e95f2a0d,bcan13,2025-04-03,18:54:06,-07:00,2025-04-03T18:54:06-07:00,0,0
contact\index.html,5,html,e95f2a0d,bcan13,2025-04-03,18:54:06,-07:00,2025-04-03T18:54:06-07:00,0,42
contact\index.html,6,html,e95f2a0d,bcan13,2025-04-03,18:54:06,-07:00,2025-04-03T18:54:06-07:00,0,0
contact\index.html,7,html,e95f2a0d,bcan13,2025-04-03,18:54:06,-07:00,2025-04-03T18:54:06-07:00,0,21
contact\index.html,8,html,e95f2a0d,bcan13,2025-04-03,18:54:06,-07:00,2025-04-03T18:54:06-07:00,0,69
contact\index.html,9,html,e95f2a0d,bcan13,2025-04-03,18:54:06,-07:00,2025-04-03T18:54:06-07:00,0,32
contact\index.html,10,html,d4b8450d,Brian Can,2025-04-18,17:32:32,-07:00,2025-04-18T17:32:32-07:00,0,49
contact\index.html,11,html,d4b8450d,Brian Can,2025-04-18,17:32:32,-07:00,2025-04-18T17:32:32-07:00,0,0
contact\index.html,12,html,e95f2a0d,bcan13,2025-04-03,18:54:06,-07:00,2025-04-03T18:54:06-07:00,0,6
contact\index.html,13,html,e95f2a0d,bcan13,2025-04-03,18:54:06,-07:00,2025-04-03T18:54:06-07:00,0,5
contact\index.html,14,html,e95f2a0d,bcan13,2025-04-03,18:54:06,-07:00,2025-04-03T18:54:06-07:00,0,0
contact\index.html,15,html,e95f2a0d,bcan13,2025-04-03,18:54:06,-07:00,2025-04-03T18:54:06-07:00,0,3
contact\index.html,16,html,e95f2a0d,bcan13,2025-04-03,18:54:06,-07:00,2025-04-03T18:54:06-07:00,0,6
contact\index.html,17,html,e95f2a0d,bcan13,2025-04-03,18:54:06,-07:00,2025-04-03T18:54:06-07:00,0,4
contact\index.html,18,html,e95f2a0d,bcan13,2025-04-03,18:54:06,-07:00,2025-04-03T18:54:06-07:00,0,0
contact\index.html,19,html,e95f2a0d,bcan13,2025-04-03,18:54:06,-07:00,2025-04-03T18:54:06-07:00,0,78
contact\index.html,20,html,e95f2a0d,bcan13,2025-04-03,18:54:06,-07:00,2025-04-03T18:54:06-07:00,0,6
contact\index.html,21,html,e95f2a0d,bcan13,2025-04-03,18:54:06,-07:00,2025-04-03T18:54:06-07:00,0,5
contact\index.html,22,html,61a49520,Brian Can,2025-04-10,23:23:23,-07:00,2025-04-10T23:23:23-07:00,0,54
contact\index.html,23,html,e95f2a0d,bcan13,2025-04-03,18:54:06,-07:00,2025-04-03T18:54:06-07:00,0,7
contact\index.html,24,html,e95f2a0d,bcan13,2025-04-03,18:54:06,-07:00,2025-04-03T18:54:06-07:00,0,6
contact\index.html,25,html,e95f2a0d,bcan13,2025-04-03,18:54:06,-07:00,2025-04-03T18:54:06-07:00,0,7
contact\index.html,26,html,61a49520,Brian Can,2025-04-10,23:23:23,-07:00,2025-04-10T23:23:23-07:00,0,42
contact\index.html,27,html,e95f2a0d,bcan13,2025-04-03,18:54:06,-07:00,2025-04-03T18:54:06-07:00,0,7
contact\index.html,28,html,e95f2a0d,bcan13,2025-04-03,18:54:06,-07:00,2025-04-03T18:54:06-07:00,0,6
contact\index.html,29,html,61a49520,Brian Can,2025-04-10,23:23:23,-07:00,2025-04-10T23:23:23-07:00,0,7
contact\index.html,30,html,61a49520,Brian Can,2025-04-10,23:23:23,-07:00,2025-04-10T23:23:23-07:00,0,53
contact\index.html,31,html,e95f2a0d,bcan13,2025-04-03,18:54:06,-07:00,2025-04-03T18:54:06-07:00,0,7
contact\index.html,32,html,61a49520,Brian Can,2025-04-10,23:23:23,-07:00,2025-04-10T23:23:23-07:00,0,28
contact\index.html,33,html,61a49520,Brian Can,2025-04-10,23:23:23,-07:00,2025-04-10T23:23:23-07:00,0,3
contact\index.html,34,html,e95f2a0d,bcan13,2025-04-03,18:54:06,-07:00,2025-04-03T18:54:06-07:00,0,8
contact\index.html,35,html,e95f2a0d,bcan13,2025-04-03,18:54:06,-07:00,2025-04-03T18:54:06-07:00,0,0
contact\index.html,36,html,e95f2a0d,bcan13,2025-04-03,18:54:06,-07:00,2025-04-03T18:54:06-07:00,0,0
contact\index.html,37,html,e95f2a0d,bcan13,2025-04-03,18:54:06,-07:00,2025-04-03T18:54:06-07:00,0,6
contact\index.html,38,html,e95f2a0d,bcan13,2025-04-03,18:54:06,-07:00,2025-04-03T18:54:06-07:00,0,0
contact\index.html,39,html,e95f2a0d,bcan13,2025-04-03,18:54:06,-07:00,2025-04-03T18:54:06-07:00,0,6
contact\index.html,40,html,e95f2a0d,bcan13,2025-04-03,18:54:06,-07:00,2025-04-03T18:54:06-07:00,0,6
